HHID,P_ID,P_AGE,AgeRange,AgeGroup,P_GENDER,GenderHOH,AgeHOH,SizeHH,HH_ISO,HHType,Lang,Surname,Address,PostCode,Country,FirstName,DOB,FreeEmail,PaymentInfo_VendorCode,PaymentInfo_ExpiryDate,PaymentInfo_AccountNbr,WorkEmail,DOCS_ExpiryDate,DOC_FirstName,DOC_Surname
ALB_0,ALB_0_1,79,75-79,AGE16,M,M,79,1,ALB,1B,,김,"64427 Porter Spring
North Marissa, OH 94241",18335,ALB,Anthony,1942-06-29,veronicajones@yahoo.com,Maestro,2022-06-20,3541827897773731,julianwebster@henderson-moore.info,2026-10-14,Anthony,gim
ALB_1,ALB_1_1,39,35-39,AGE8,M,M,39,3,ALB,2A,,Oneal,"4474 Mccullough Lane
Georgeborough, PA 06412",75286,ALB,Timothy,1982-10-13,samantha09@gmail.com,Diners Club / Carte Blanche,2023-12-12,36124631504467,jray@smith.net,2026-03-30,Timothy,Oneal
ALB_1,ALB_1_2,6,5-9,AGE2,M,M,39,3,ALB,2A,,Oneal,"4474 Mccullough Lane
Georgeborough, PA 06412",75286,ALB,Joshua,2015-05-30,-,-,-,-,-,2022-10-08,Joshua,Oneal
ALB_1,ALB_1_3,1,0-4,AGE1,F,M,39,3,ALB,2A,,Oneal,"4474 Mccullough Lane
Georgeborough, PA 06412",75286,ALB,Carrie,2020-02-10,-,-,-,-,-,2025-05-20,Carrie,Oneal
ALB_2,ALB_2_1,39,35-39,AGE8,M,M,39,5,ALB,2A,,Berghmans,"4346 Adam Underpass
Andrewtown, SD 02034",19947,ALB,Joel,1982-05-27,louis71@hotmail.com,VISA 13 digit,2023-06-16,6011969462966649,fjackson@lane.com,2023-02-25,Joel,Berghmans
ALB_2,ALB_2_2,10,10-14,AGE3,M,M,39,5,ALB,2A,,Berghmans,"4346 Adam Underpass
Andrewtown, SD 02034",19947,ALB,Jonathan,2011-07-18,stevenbarrett@hotmail.com,-,-,-,-,2025-08-11,Jonathan,Berghmans
ALB_2,ALB_2_3,13,10-14,AGE3,M,M,39,5,ALB,2A,,Berghmans,"4346 Adam Underpass
Andrewtown, SD 02034",19947,ALB,David,2008-05-22,michelle35@yahoo.com,-,-,-,-,2024-01-01,David,Berghmans
ALB_2,ALB_2_4,5,5-9,AGE2,F,M,39,5,ALB,2A,,Berghmans,"4346 Adam Underpass
Andrewtown, SD 02034",19947,ALB,Sharon,2016-08-24,-,-,-,-,-,2022-09-12,Sharon,Berghmans
ALB_2,ALB_2_5,13,10-14,AGE3,F,M,39,5,ALB,2A,,Berghmans,"4346 Adam Underpass
Andrewtown, SD 02034",19947,ALB,Kendra,2008-03-24,wwatkins@yahoo.com,-,-,-,-,2026-06-09,Kendra,Berghmans
ALB_3,ALB_3_1,66,65-69,AGE14,M,M,66,3,ALB,3AB,,Bentley,"44177 Larry Locks
East Nicole, MO 19158",04492,ALB,Scott,1955-11-16,curtislaura@gmail.com,VISA 16 digit,2026-07-23,2251778252184877,andrewwashington@thompson-matthews.com,2024-10-03,Scott,Bentley
ALB_3,ALB_3_2,35,35-39,AGE8,F,M,66,3,ALB,3AB,,Bentley,"44177 Larry Locks
East Nicole, MO 19158",04492,ALB,Barbara,1986-02-26,katiemitchell@gmail.com,Maestro,2022-03-27,4342025666134902544,fowlerdale@rocha.com,2026-01-14,Barbara,Bentley
ALB_3,ALB_3_3,46,45-49,AGE10,F,M,66,3,ALB,3AB,,Bentley,"44177 Larry Locks
East Nicole, MO 19158",04492,ALB,Lisa,1975-11-19,anthonysmith@gmail.com,JCB 16 digit,2026-11-27,4500701870714,robertmorris@shaw.net,2026-04-20,Lisa,Bentley
ALB_4,ALB_4_1,54,50-54,AGE11,F,F,54,1,ALB,1B,,Sullivan,"648 Bauer Lights
Andersonborough, MP 94474",99636,ALB,Jacqueline,1967-06-30,ofinley@hotmail.com,VISA 13 digit,2023-12-13,676349577319,thomaswalton@young.org,2022-03-03,Jacqueline,Sullivan
ALB_5,ALB_5_1,53,50-54,AGE11,M,M,53,2,ALB,2B,,Cabrera,"17674 Jonathan Shoals
Jessicachester, PW 75180",31882,ALB,Jason,1968-04-14,austin79@gmail.com,JCB 15 digit,2022-02-19,4478848473413,hrichardson@nash.com,2023-12-06,Jason,Cabrera
ALB_5,ALB_5_2,15,15-19,AGE4,M,M,53,2,ALB,2B,,Cabrera,"17674 Jonathan Shoals
Jessicachester, PW 75180",31882,ALB,Peter,2006-07-13,catherine27@hotmail.com,-,-,-,-,2026-10-30,Peter,Cabrera
AUT_0,AUT_0_1,76,75-79,AGE16,F,F,76,1,AUT,1B,de_AT,Hafner,"Hemetsbergerstr. 996
5806 Bad Leonfelden",9728,AUT,Tiffany,1945-03-24,brauter@kabsi.at,Discover,2024-05-06,3572984383416747,kaisermanuela@freitag.com,2023-05-15,Tiffany,Hafner
BGR_0,BGR_0_1,51,50-54,AGE11,M,M,51,2,BGR,2B,,Frazier,"USS Collins
FPO AA 89020",78600,BGR,Edward,1970-05-06,nealconnie@hotmail.com,American Express,2026-08-02,6011898697119312,wilsonstephanie@monroe.com,2025-11-02,Edward,Frazier
BGR_0,BGR_0_2,22,20-24,AGE5,M,M,51,2,BGR,2B,,Frazier,"USS Collins
FPO AA 89020",78600,BGR,Mike,1999-04-21,yford@yahoo.com,VISA 16 digit,2025-09-26,630474586454,jon52@chavez.net,2024-08-01,Mike,Frazier
BLR_0,BLR_0_1,66,65-69,AGE14,M,M,66,2,BLR,2B,ru_RU,Фокин,"к. Кижи, пр. Репина, д. 5/3 стр. 352, 540098",816792,BLR,Боян,1955-05-17,julija2017@yandex.ru,Union Pay,2026-10-25,8181525611207630,vishnjakovmihail@kazakov.edu,2025-08-06,Boian,Fokin
BLR_0,BLR_0_2,35,35-39,AGE8,M,M,66,2,BLR,2B,ru_RU,Фокин,"к. Кижи, пр. Репина, д. 5/3 стр. 352, 540098",816792,BLR,Христофор,1986-11-19,miheevalukija@yandex.ru,American Express,2022-04-20,6239256292607486,gdavidova@rao.biz,2024-05-05,Khristofor,Fokin
BWA_0,BWA_0_1,59,55-59,AGE12,M,M,59,1,BWA,1B,af_ZA,Webb,"7270 Laura Parks
East Teresaport, WA 61054",82620,BWA,William,1962-09-19,lbowen@gmail.com,Discover,2024-08-27,501853769674,kimberlyjones@richardson.com,2022-12-14,William,Webb
BWA_1,BWA_1_1,37,35-39,AGE8,M,M,37,2,BWA,3AB,af_ZA,Miller,"66845 Maynard Course Suite 131
South Robert, WV 91538",43391,BWA,Brendan,1984-10-08,carlsonkatrina@gmail.com,VISA 13 digit,2023-02-19,4797688228919347,paulharris@clark.org,2024-08-22,Brendan,Miller
BWA_1,BWA_1_2,9,5-9,AGE2,M,M,37,2,BWA,3AB,af_ZA,Miller,"66845 Maynard Course Suite 131
South Robert, WV 91538",43391,BWA,Brian,2012-12-19,-,-,-,-,-,2026-11-14,Brian,Miller
BWA_2,BWA_2_1,43,40-44,AGE9,M,M,43,3,BWA,2A,af_ZA,Moore,"71870 Hall Lodge
Port David, MS 67044",30646,BWA,Michael,1978-08-02,sharondominguez@gmail.com,Discover,2024-05-14,180012089724659,ayalarebecca@hernandez.com,2024-10-04,Michael,Moore
BWA_2,BWA_2_2,10,10-14,AGE3,M,M,43,3,BWA,2A,af_ZA,Moore,"71870 Hall Lodge
Port David, MS 67044",30646,BWA,Charles,2011-08-11,tanyawest@yahoo.com,-,-,-,-,2025-01-17,Charles,Moore
BWA_2,BWA_2_3,12,10-14,AGE3,M,M,43,3,BWA,2A,af_ZA,Moore,"71870 Hall Lodge
Port David, MS 67044",30646,BWA,John,2009-04-27,carterangela@gmail.com,-,-,-,-,2022-11-24,John,Moore
BWA_3,BWA_3_1,68,65-69,AGE14,M,M,68,2,BWA,2B,af_ZA,Green,"027 Rodriguez Garden
Joneshaven, IN 61167",92365,BWA,Michael,1953-10-26,rothjessica@yahoo.com,JCB 16 digit,2022-12-12,342615016630792,ktaylor@torres.net,2025-02-01,Michael,Green
BWA_3,BWA_3_2,30,30-34,AGE7,M,M,68,2,BWA,2B,af_ZA,Green,"027 Rodriguez Garden
Joneshaven, IN 61167",92365,BWA,John,1991-08-16,ysalazar@hotmail.com,JCB 15 digit,2022-09-14,6554125862150713,mary66@rivers-cruz.com,2026-08-06,John,Green
BWA_4,BWA_4_1,35,35-39,AGE8,M,M,35,5,BWA,2A,af_ZA,Pena,"6787 Jenkins Glens
Ashleyfurt, HI 91999",55389,BWA,Ryan,1986-09-27,wanderson@gmail.com,VISA 16 digit,2023-01-28,180095517854214,briannapope@perez-bullock.com,2022-07-07,Ryan,Pena
BWA_4,BWA_4_2,9,5-9,AGE2,M,M,35,5,BWA,2A,af_ZA,Pena,"6787 Jenkins Glens
Ashleyfurt, HI 91999",55389,BWA,Chris,2012-03-21,-,-,-,-,-,2023-11-13,Chris,Pena
BWA_4,BWA_4_3,6,5-9,AGE2,F,M,35,5,BWA,2A,af_ZA,Pena,"6787 Jenkins Glens
Ashleyfurt, HI 91999",55389,BWA,April,2015-08-05,-,-,-,-,-,2025-12-22,April,Pena
BWA_4,BWA_4_4,9,5-9,AGE2,M,M,35,5,BWA,2A,af_ZA,Pena,"6787 Jenkins Glens
Ashleyfurt, HI 91999",55389,BWA,Travis,2012-01-02,-,-,-,-,-,2026-02-19,Travis,Pena
BWA_4,BWA_4_5,4,0-4,AGE1,M,M,35,5,BWA,2A,af_ZA,Pena,"6787 Jenkins Glens
Ashleyfurt, HI 91999",55389,BWA,Robert,2017-10-06,-,-,-,-,-,2024-07-25,Robert,Pena
BWA_5,BWA_5_1,50,50-54,AGE11,M,M,50,2,BWA,2B,af_ZA,Rivera,"8280 Johnson Stravenue
West Valerieberg, MA 50685",36315,BWA,Billy,1971-06-26,sandersyolanda@gmail.com,JCB 16 digit,2022-07-17,2230742709360627,ahuang@chandler.com,2024-02-10,Billy,Rivera
BWA_5,BWA_5_2,16,15-19,AGE4,M,M,50,2,BWA,2B,af_ZA,Rivera,"8280 Johnson Stravenue
West Valerieberg, MA 50685",36315,BWA,Nicholas,2005-09-22,aparrish@gmail.com,-,-,-,-,2022-06-10,Nicholas,Rivera
CHE_0,CHE_0_1,66,65-69,AGE14,F,F,66,2,CHE,2B,fr_CH,Mayor,"rue Bujard
5939 Bahon (JU)",7397,CHE,Christine,1955-07-06,ydeladoey@vtxnet.ch,Discover,2025-12-03,3589962062929900,courvoisiereliane@berberat.com,2022-11-11,Christine,Mayor
CHE_0,CHE_0_2,29,25-29,AGE6,F,F,66,2,CHE,2B,fr_CH,Mayor,"rue Bujard
5939 Bahon (JU)",7397,CHE,Stéphanie,1992-02-21,annenussle@bluewin.ch,American Express,2025-02-18,6011276729275149,corbozbruno@polla.ch,2026-08-17,Stephanie,Mayor
CMR_0,CMR_0_1,73,70-74,AGE15,M,M,73,3,CMR,3AB,af_ZA,Martin,"50203 Rojas Greens
West Emily, LA 21922",45017,CMR,Steven,1948-07-09,kyle41@hotmail.com,JCB 15 digit,2022-04-17,4063938473554,vmorris@zamora.com,2025-10-16,Steven,Martin
CMR_0,CMR_0_2,45,45-49,AGE10,F,M,73,3,CMR,3AB,af_ZA,Martin,"50203 Rojas Greens
West Emily, LA 21922",45017,CMR,Andrea,1976-10-09,michael34@hotmail.com,JCB 15 digit,2026-02-25,3557966926424873,jdouglas@bryant.com,2022-12-20,Andrea,Martin
CMR_0,CMR_0_3,51,50-54,AGE11,F,M,73,3,CMR,3AB,af_ZA,Martin,"50203 Rojas Greens
West Emily, LA 21922",45017,CMR,Vanessa,1970-10-24,hedwards@hotmail.com,Diners Club / Carte Blanche,2026-07-16,4304184397641025,jeffreywolfe@clarke.org,2024-10-14,Vanessa,Martin
CMR_1,CMR_1_1,73,70-74,AGE15,M,M,73,2,CMR,2B,af_ZA,Montoya,"941 Castaneda Path
Jerrychester, TX 79569",16037,CMR,Robert,1948-11-26,phillip80@gmail.com,VISA 16 digit,2023-10-14,6563740242472097,brandon01@smith-mack.com,2024-07-01,Robert,Montoya
CMR_1,CMR_1_2,44,40-44,AGE9,M,M,73,2,CMR,2B,af_ZA,Montoya,"941 Castaneda Path
Jerrychester, TX 79569",16037,CMR,Bryan,1977-07-27,granthelen@gmail.com,VISA 16 digit,2022-05-02,4196766746360009,leachkatherine@williams-mejia.org,2024-02-07,Bryan,Montoya
CMR_2,CMR_2_1,65,65-69,AGE14,M,M,65,1,CMR,1B,af_ZA,Hill,"9562 Matthew Parks
Brittanychester, IA 86120",27614,CMR,James,1956-08-18,ggraham@hotmail.com,JCB 16 digit,2023-02-26,4386980327166,crosbymorgan@quinn.com,2022-06-25,James,Hill
CMR_3,CMR_3_1,56,55-59,AGE12,M,M,56,2,CMR,1A,af_ZA,최,"503 Emily Estates
West Johnchester, DC 93701",43363,CMR,Scott,1965-02-28,nstafford@yahoo.com,American Express,2024-11-10,4425670241624,clarkjulie@lutz-smith.net,2024-07-30,Scott,coe
CMR_3,CMR_3_2,25,25-29,AGE6,M,M,56,2,CMR,1A,af_ZA,최,"503 Emily Estates
West Johnchester, DC 93701",43363,CMR,Todd,1996-05-29,deannawise@hotmail.com,VISA 13 digit,2023-02-10,4087842727046156,tranpaul@patel-marshall.org,2026-11-09,Todd,coe
CMR_4,CMR_4_1,48,45-49,AGE10,F,F,48,1,CMR,1B,af_ZA,van Dalem,"5827 Robinson Court
North Susanborough, PA 13426",95879,CMR,Kathryn,1973-10-27,richardsonadrian@gmail.com,Mastercard,2024-03-20,3562497311672929,idonaldson@dennis.info,2024-05-27,Kathryn,van Dalem
CMR_5,CMR_5_1,26,25-29,AGE6,M,M,26,2,CMR,3AB,af_ZA,Perkins,"0362 James Grove
Joneshaven, MO 89773",76139,CMR,Andrew,1995-03-01,robert65@gmail.com,JCB 16 digit,2024-11-13,30255889407544,gregalexander@johnson.info,2024-05-16,Andrew,Perkins
CMR_5,CMR_5_2,42,40-44,AGE9,F,M,26,2,CMR,3AB,af_ZA,Perkins,"0362 James Grove
Joneshaven, MO 89773",76139,CMR,Samantha,1979-01-02,joyce36@hotmail.com,VISA 13 digit,2023-08-05,378189531269632,ycooper@miller.com,2024-03-14,Samantha,Perkins
CZE_0,CZE_0_1,41,40-44,AGE9,M,M,41,5,CZE,2A,cz_CZ,Procházka,"Za Valem 123
787 73 Železná Ruda",222 19,CZE,Albert,1980-08-06,kucerovabozena@chello.cz,VISA 19 digit,2022-03-20,180096000102756,mahulenanavratilova@kucera.cz,2026-12-29,Albert,Prochazka
CZE_0,CZE_0_2,2,0-4,AGE1,M,M,41,5,CZE,2A,cz_CZ,Procházka,"Za Valem 123
787 73 Železná Ruda",222 19,CZE,Hynek,2019-08-14,-,-,-,-,-,2025-06-04,Hynek,Prochazka
CZE_0,CZE_0_3,14,10-14,AGE3,M,M,41,5,CZE,2A,cz_CZ,Procházka,"Za Valem 123
787 73 Železná Ruda",222 19,CZE,Štěpán,2007-08-04,esterblahova@email.cz,-,-,-,-,2024-10-12,Stepan,Prochazka
CZE_0,CZE_0_4,13,10-14,AGE3,M,M,41,5,CZE,2A,cz_CZ,Procházka,"Za Valem 123
787 73 Železná Ruda",222 19,CZE,Miloslav,2008-07-04,milenavesela@volny.cz,-,-,-,-,2022-01-07,Miloslav,Prochazka
CZE_0,CZE_0_5,1,0-4,AGE1,F,M,41,5,CZE,2A,cz_CZ,Procházka,"Za Valem 123
787 73 Železná Ruda",222 19,CZE,Pavlína,2020-06-10,-,-,-,-,-,2025-07-21,Pavlina,Prochazka
DEU_0,DEU_0_1,28,25-29,AGE6,M,M,28,3,DEU,3AB,de_DE,Carsten,"Trommlerstr. 678
08601 Gelnhausen",33261,DEU,Theobald,1993-03-07,winfriedtrupp@googlemail.com,Maestro,2022-02-27,3519860352437110,roskothniels@rudolph.org,2025-07-09,Theobald,Carsten
DEU_0,DEU_0_2,3,0-4,AGE1,M,M,28,3,DEU,3AB,de_DE,Carsten,"Trommlerstr. 678
08601 Gelnhausen",33261,DEU,Gundolf,2018-03-06,-,-,-,-,-,2023-07-23,Gundolf,Carsten
DEU_0,DEU_0_3,84,80-84,AGE17,F,M,28,3,DEU,3AB,de_DE,Carsten,"Trommlerstr. 678
08601 Gelnhausen",33261,DEU,Justina,1937-01-25,gmangold@gmx.de,American Express,2025-07-30,30025353816060,zneuschaefer@ernst.de,2024-03-17,Justina,Carsten
DEU_1,DEU_1_1,55,55-59,AGE12,M,M,55,3,DEU,3AB,de_DE,Stroh,"Wesackring 6/9
63190 Germersheim",58496,DEU,Frank-Michael,1966-04-26,siegrid57@gmx.de,VISA 16 digit,2024-03-06,4400637797395446,loewerstephen@mende.com,2025-06-05,Frank-Michael,Stroh
DEU_1,DEU_1_2,62,60-64,AGE13,F,M,55,3,DEU,3AB,de_DE,Stroh,"Wesackring 6/9
63190 Germersheim",58496,DEU,Augusta,1959-01-23,karolineaustermuehle@hotmail.de,JCB 16 digit,2024-10-20,213113162807980,corneliajuncken@putz.org,2022-07-14,Augusta,Stroh
DEU_1,DEU_1_3,64,60-64,AGE13,F,M,55,3,DEU,3AB,de_DE,Stroh,"Wesackring 6/9
63190 Germersheim",58496,DEU,Cindy,1957-12-10,yhoffmann@gmail.com,VISA 16 digit,2025-02-06,583319155722,agotthard@ladeck.de,2026-10-18,Cindy,Stroh
DEU_2,DEU_2_1,27,25-29,AGE6,M,M,27,2,DEU,3AB,de_DE,Hertrampf,"Muzaffer-Huhn-Allee 4/5
81924 Celle",91812,DEU,Carl,1994-02-20,annegret71@gmx.de,Mastercard,2026-08-22,4165258282684361,fridolinmitschke@hecker.net,2026-07-19,Carl,Hertrampf
DEU_2,DEU_2_2,23,20-24,AGE5,M,M,27,2,DEU,3AB,de_DE,Hertrampf,"Muzaffer-Huhn-Allee 4/5
81924 Celle",91812,DEU,Raymund,1998-10-14,noackchristel@aol.de,JCB 16 digit,2023-02-04,630439089818,schwitalmarcella@hoefig.org,2023-03-01,Raymund,Hertrampf
DEU_3,DEU_3_1,39,35-39,AGE8,M,M,39,4,DEU,2A,de_DE,Steckel,"Ester-Holt-Platz 7
38617 Spremberg",65545,DEU,Rochus,1982-06-09,wilmskrystyna@web.de,JCB 15 digit,2023-04-08,4558370328984,istoll@rose.net,2025-01-31,Rochus,Steckel
DEU_3,DEU_3_2,8,5-9,AGE2,M,M,39,4,DEU,2A,de_DE,Steckel,"Ester-Holt-Platz 7
38617 Spremberg",65545,DEU,Cemil,2013-03-24,-,-,-,-,-,2024-06-30,Cemil,Steckel
DEU_3,DEU_3_3,9,5-9,AGE2,M,M,39,4,DEU,2A,de_DE,Steckel,"Ester-Holt-Platz 7
38617 Spremberg",65545,DEU,Ramon,2012-01-22,-,-,-,-,-,2025-12-08,Ramon,Steckel
DEU_3,DEU_3_4,10,10-14,AGE3,F,M,39,4,DEU,2A,de_DE,Steckel,"Ester-Holt-Platz 7
38617 Spremberg",65545,DEU,Gitte,2011-06-01,irene85@web.de,-,-,-,-,2023-02-26,Gitte,Steckel
DEU_4,DEU_4_1,48,45-49,AGE10,M,M,48,2,DEU,2B,de_DE,Aumann,"Gumprichstraße 346
87055 Lichtenfels",18275,DEU,Konstantin,1973-10-02,andrej62@hotmail.de,JCB 15 digit,2025-10-12,4463352120092959,trubfrancoise@van.de,2022-07-09,Konstantin,Aumann
DEU_4,DEU_4_2,14,10-14,AGE3,M,M,48,2,DEU,2B,de_DE,Aumann,"Gumprichstraße 346
87055 Lichtenfels",18275,DEU,Isidor,2007-07-27,hanneloreflantz@gmail.com,-,-,-,-,2025-04-07,Isidor,Aumann
DEU_5,DEU_5_1,46,45-49,AGE10,M,M,46,3,DEU,2A,de_DE,Ó Náradhaigh,"Georgine-Nohlmans-Platz 5
47440 Badalzungen",52465,DEU,Robin,1975-11-11,sdrubin@hotmail.de,Discover,2024-07-04,2336388460014749,hendrikhoffmann@scheel.de,2022-01-15,Robin,O Naradhaigh
DEU_5,DEU_5_2,17,15-19,AGE4,M,M,46,3,DEU,2A,de_DE,Ó Náradhaigh,"Georgine-Nohlmans-Platz 5
47440 Badalzungen",52465,DEU,Jerzy,2004-07-12,thiesdietlind@yahoo.de,-,-,-,-,2025-03-29,Jerzy,O Naradhaigh
DEU_5,DEU_5_3,7,5-9,AGE2,F,M,46,3,DEU,2A,de_DE,Ó Náradhaigh,"Georgine-Nohlmans-Platz 5
47440 Badalzungen",52465,DEU,Meryem,2014-06-16,-,-,-,-,-,2023-09-26,Meryem,O Naradhaigh
DEU_6,DEU_6_1,72,70-74,AGE15,M,M,72,3,DEU,3AB,de_DE,Scheibe,"Hofmannallee 0/7
26202 Nabburg",53055,DEU,Marcus,1949-11-10,melittahaase@gmx.de,VISA 13 digit,2026-05-12,3585313720883713,gernot66@troest.de,2023-12-11,Marcus,Scheibe
DEU_6,DEU_6_2,78,75-79,AGE16,F,M,72,3,DEU,3AB,de_DE,Scheibe,"Hofmannallee 0/7
26202 Nabburg",53055,DEU,Jane,1943-05-15,anni79@web.de,JCB 16 digit,2026-09-05,30596415756486,jacqueline23@eberhardt.net,2025-06-13,Jane,Scheibe
DEU_6,DEU_6_3,72,70-74,AGE15,F,M,72,3,DEU,3AB,de_DE,Scheibe,"Hofmannallee 0/7
26202 Nabburg",53055,DEU,Brit,1949-03-26,grzegorz46@gmail.com,VISA 16 digit,2022-02-19,340861201125725,alfred30@jacobi.de,2024-12-10,Brit,Scheibe
DEU_7,DEU_7_1,67,65-69,AGE14,M,M,67,1,DEU,1B,de_DE,Ruppersberger,"Wagenknechtweg 914
01802 Königs Wusterhausen",22572,DEU,Hans-Willi,1954-01-05,mohauptalida@web.de,American Express,2026-12-06,6011640192281720,anneschaefer@holt.de,2024-09-08,Hans-Willi,Ruppersberger
DJI_0,DJI_0_1,72,70-74,AGE15,M,M,72,4,DJI,3AB,af_ZA,Greene,"58232 Nicholas Heights Suite 181
Lake Gregorybury, CT 13387",45869,DJI,Kevin,1949-08-21,reeddaniel@yahoo.com,American Express,2025-01-23,180033023938049,rodriguezkaren@payne.net,2024-11-28,Kevin,Greene
DJI_0,DJI_0_2,6,5-9,AGE2,M,M,72,4,DJI,3AB,af_ZA,Greene,"58232 Nicholas Heights Suite 181
Lake Gregorybury, CT 13387",45869,DJI,Trevor,2015-04-28,-,-,-,-,-,2022-12-09,Trevor,Greene
DJI_0,DJI_0_3,67,65-69,AGE14,F,M,72,4,DJI,3AB,af_ZA,Greene,"58232 Nicholas Heights Suite 181
Lake Gregorybury, CT 13387",45869,DJI,Heather,1954-11-20,jacksonheidi@hotmail.com,JCB 16 digit,2025-01-15,3518232600505364,denisewheeler@williams.com,2024-06-08,Heather,Greene
DJI_0,DJI_0_4,48,45-49,AGE10,F,M,72,4,DJI,3AB,af_ZA,Greene,"58232 Nicholas Heights Suite 181
Lake Gregorybury, CT 13387",45869,DJI,Michelle,1973-02-19,johnny16@hotmail.com,Mastercard,2025-07-31,585740458013,lisasmith@olson-cummings.net,2025-02-03,Michelle,Greene
DJI_1,DJI_1_1,42,40-44,AGE9,F,F,42,4,DJI,1A,af_ZA,Miller,"66504 Donald Forks Suite 719
Lake Ericfurt, LA 18104",93383,DJI,Barbara,1979-09-06,uhaynes@gmail.com,VISA 16 digit,2022-09-17,3553540469080089,robertgreer@schmidt-mcdowell.com,2024-04-20,Barbara,Miller
DJI_1,DJI_1_2,7,5-9,AGE2,M,F,42,4,DJI,1A,af_ZA,Miller,"66504 Donald Forks Suite 719
Lake Ericfurt, LA 18104",93383,DJI,Raymond,2014-04-21,-,-,-,-,-,2022-01-14,Raymond,Miller
DJI_1,DJI_1_3,16,15-19,AGE4,F,F,42,4,DJI,1A,af_ZA,Miller,"66504 Donald Forks Suite 719
Lake Ericfurt, LA 18104",93383,DJI,Crystal,2005-02-13,clarkdavid@yahoo.com,-,-,-,-,2026-10-09,Crystal,Miller
DJI_1,DJI_1_4,4,0-4,AGE1,M,F,42,4,DJI,1A,af_ZA,Miller,"66504 Donald Forks Suite 719
Lake Ericfurt, LA 18104",93383,DJI,Tyler,2017-06-21,-,-,-,-,-,2024-04-03,Tyler,Miller
DJI_2,DJI_2_1,39,35-39,AGE8,M,M,39,3,DJI,2A,af_ZA,Martinez,"PSC 1649, Box 5343
APO AP 98127",52955,DJI,James,1982-11-11,maria59@yahoo.com,VISA 13 digit,2025-08-14,4234495144751544,aaron71@smith-bowman.net,2025-08-20,James,Martinez
DJI_2,DJI_2_2,9,5-9,AGE2,M,M,39,3,DJI,2A,af_ZA,Martinez,"PSC 1649, Box 5343
APO AP 98127",52955,DJI,Steven,2012-03-01,-,-,-,-,-,2023-04-08,Steven,Martinez
DJI_2,DJI_2_3,1,0-4,AGE1,M,M,39,3,DJI,2A,af_ZA,Martinez,"PSC 1649, Box 5343
APO AP 98127",52955,DJI,Brent,2020-06-08,-,-,-,-,-,2025-01-31,Brent,Martinez
DJI_3,DJI_3_1,47,45-49,AGE10,M,M,47,3,DJI,2A,af_ZA,류,"PSC 0819, Box 0947
APO AP 62917",89946,DJI,Todd,1974-04-24,joelwilliams@yahoo.com,VISA 13 digit,2022-07-21,2239613717868037,laurensmith@west.net,2024-05-29,Todd,ryu
DJI_3,DJI_3_2,9,5-9,AGE2,M,M,47,3,DJI,2A,af_ZA,류,"PSC 0819, Box 0947
APO AP 62917",89946,DJI,James,2012-02-13,-,-,-,-,-,2023-07-29,James,ryu
DJI_3,DJI_3_3,9,5-9,AGE2,M,M,47,3,DJI,2A,af_ZA,류,"PSC 0819, Box 0947
APO AP 62917",89946,DJI,Michael,2012-04-05,-,-,-,-,-,2024-03-19,Michael,ryu
DJI_4,DJI_4_1,25,25-29,AGE6,M,M,25,1,DJI,1B,af_ZA,Guerrero,"USS Anderson
FPO AE 98534",11275,DJI,Jason,1996-10-31,moodyrandy@yahoo.com,VISA 16 digit,2022-02-26,6011206607436794,jake78@wilson.net,2025-10-07,Jason,Guerrero
DJI_5,DJI_5_1,41,40-44,AGE9,M,M,41,5,DJI,3AB,af_ZA,Powell,"12418 Tina Extensions
Meyersshire, WY 37475",17851,DJI,Timothy,1980-02-03,eparker@hotmail.com,JCB 16 digit,2024-10-23,4538877595711320,acarter@grant.com,2025-12-30,Timothy,Powell
DJI_5,DJI_5_2,69,65-69,AGE14,F,M,41,5,DJI,3AB,af_ZA,Powell,"12418 Tina Extensions
Meyersshire, WY 37475",17851,DJI,Renee,1952-01-02,micheal38@gmail.com,JCB 16 digit,2022-12-10,30101901334946,bellstephen@herring-miller.com,2026-12-23,Renee,Powell
DJI_5,DJI_5_3,53,50-54,AGE11,F,M,41,5,DJI,3AB,af_ZA,Powell,"12418 Tina Extensions
Meyersshire, WY 37475",17851,DJI,Christine,1968-02-24,wandajohnson@yahoo.com,JCB 16 digit,2024-10-14,2695315091688711,shawn63@robinson.com,2026-01-25,Christine,Powell
DJI_5,DJI_5_4,47,45-49,AGE10,F,M,41,5,DJI,3AB,af_ZA,Powell,"12418 Tina Extensions
Meyersshire, WY 37475",17851,DJI,Brenda,1974-08-06,wbrown@hotmail.com,Maestro,2022-10-13,4792477586396693,henrymatthew@allen-mejia.com,2025-03-05,Brenda,Powell
DJI_5,DJI_5_5,21,20-24,AGE5,M,M,41,5,DJI,3AB,af_ZA,Powell,"12418 Tina Extensions
Meyersshire, WY 37475",17851,DJI,Matthew,2000-06-14,velazquezsusan@hotmail.com,Diners Club / Carte Blanche,2025-07-13,6011962079028028,dylan49@mooney-conley.com,2024-11-11,Matthew,Powell
DNK_0,DNK_0_1,56,55-59,AGE12,M,M,56,2,DNK,2B,dk_DK,White,"142 Brady Drive
Nicolasbury, NV 33296",21121,DNK,Daniel,1965-01-12,marcia90@hotmail.com,Mastercard,2023-03-22,4337682049624,matthewscott@norman.com,2023-04-22,Daniel,White
DNK_0,DNK_0_2,24,20-24,AGE5,M,M,56,2,DNK,2B,dk_DK,White,"142 Brady Drive
Nicolasbury, NV 33296",21121,DNK,David,1997-11-27,goodgarrett@hotmail.com,Maestro,2024-02-08,4383499732956081709,joannemcgee@anderson.info,2023-06-26,David,White
EGY_0,EGY_0_1,43,40-44,AGE9,M,M,43,1,EGY,1B,ar_SA,الجفالي,"77797 قصي Circles Apt. 046
دؤوبstad, TN 59169",18015,EGY,فخر الدّين,1978-07-02,wal-jfr@hotmail.com,VISA 19 digit,2023-08-17,3536409427314489,wsfy41@al.org,2023-02-27,fkhr ldWyn,ljfly
EGY_1,EGY_1_1,70,70-74,AGE15,F,F,70,1,EGY,1B,ar_SA,آل سعود,"Unit 4907 Box 2269
DPO AP 19590",28806,EGY,اعتماد,1951-09-27,mhmwdfsyl@gmail.com,VISA 16 digit,2026-01-12,6011428253046798,qntal-lshykh@al.com,2026-11-27,`tmd,al s`wd
EGY_2,EGY_2_1,25,25-29,AGE6,F,F,25,2,EGY,2B,ar_SA,آل سعود,"0207 الشايع Spring
East وريدville, GA 31786",77281,EGY,لتين,1996-04-03,smal-jfr@gmail.com,Diners Club / Carte Blanche,2023-06-20,38507403523103,zbyr70@lqyl-al.com,2025-10-24,ltyn,al s`wd
EGY_2,EGY_2_2,0,0-4,AGE1,F,F,25,2,EGY,2B,ar_SA,آل سعود,"0207 الشايع Spring
East وريدville, GA 31786",77281,EGY,ليم,2021-07-19,-,-,-,-,-,2022-03-28,lym,al s`wd
EGY_3,EGY_3_1,68,65-69,AGE14,M,M,68,1,EGY,1B,ar_SA,بقشان,"8420 رمضان Crescent Apt. 869
New ميثاق, FL 21258",68984,EGY,عمير,1953-06-19,zynlrshd@yahoo.com,Discover,2025-07-15,3545289469995091,al-hsynfyd@hjr-b.com,2022-10-02,`myr,bqshn
EGY_4,EGY_4_1,49,45-49,AGE10,M,M,49,5,EGY,3AB,ar_SA,مهنا,"874 آل جعفر Spring
جوانbury, MO 48036",07476,EGY,طيّع,1972-05-08,qal-wd@yahoo.com,JCB 16 digit,2022-10-18,6011746813012111,ljbrmrdy@mhn-al.org,2023-08-26,TyW`,mhn
EGY_4,EGY_4_2,56,55-59,AGE12,F,M,49,5,EGY,3AB,ar_SA,مهنا,"874 آل جعفر Spring
جوانbury, MO 48036",07476,EGY,ميلاء,1965-10-19,vlmhydb@hotmail.com,JCB 16 digit,2024-08-22,349881472911067,btsmal-rfy@al.com,2024-06-24,myl,mhn
EGY_4,EGY_4_3,7,5-9,AGE2,M,M,49,5,EGY,3AB,ar_SA,مهنا,"874 آل جعفر Spring
جوانbury, MO 48036",07476,EGY,مهيب,2014-09-23,-,-,-,-,-,2023-01-21,mhyb,mhn
EGY_4,EGY_4_4,48,45-49,AGE10,F,M,49,5,EGY,3AB,ar_SA,مهنا,"874 آل جعفر Spring
جوانbury, MO 48036",07476,EGY,تولين,1973-02-28,jdal-mhmd-bn-ly-bn-jmz@yahoo.com,VISA 19 digit,2025-01-08,4941904164132968,jn21@al.com,2025-05-20,twlyn,mhn
EGY_4,EGY_4_5,79,75-79,AGE16,F,M,49,5,EGY,3AB,ar_SA,مهنا,"874 آل جعفر Spring
جوانbury, MO 48036",07476,EGY,وفاء,1942-07-07,ftwhbw-dwwd@yahoo.com,American Express,2026-01-30,180066494480869,qbqshn@llyn.info,2026-11-24,wf,mhn
EGY_5,EGY_5_1,41,40-44,AGE9,F,F,41,1,EGY,1B,ar_SA,آل محمد بن علي بن جماز,"3718 المغاولة Crescent Suite 730
West حمودtown, DC 18584",57750,EGY,ريفال,1980-06-13,mutb05@hotmail.com,JCB 16 digit,2023-06-26,180078206113043,fyfal-sfwn@al.com,2025-05-22,ryfl,al mHmd bn `ly bn jmz
ESP_0,ESP_0_1,79,75-79,AGE16,F,F,79,1,ESP,1B,es_ES,Gaya,"Plaza Otilia Fuente 10
Baleares, 51702",30505,ESP,Serafina,1942-10-16,flora89@gmail.com,VISA 13 digit,2022-08-27,3554903665076294,herminiodalmau@suministros.com,2024-03-01,Serafina,Gaya
ESP_1,ESP_1_1,35,35-39,AGE8,F,F,35,2,ESP,2B,es_ES,渡辺,"Cañada de María José Sales 920
Cádiz, 17240",31577,ESP,Yaiza,1986-12-21,amaro70@yahoo.com,JCB 16 digit,2025-06-21,6011285879638584,evaristoalba@hnos.com,2022-02-06,Yaiza,Du Bian 
ESP_1,ESP_1_2,9,5-9,AGE2,F,F,35,2,ESP,2B,es_ES,渡辺,"Cañada de María José Sales 920
Cádiz, 17240",31577,ESP,Encarnación,2012-06-02,-,-,-,-,-,2022-11-19,Encarnacion,Du Bian 
ESP_2,ESP_2_1,70,70-74,AGE15,F,F,70,1,ESP,1B,es_ES,Casals,"Paseo de Manuelita Lopez 506 Piso 9 
Málaga, 41283",21071,ESP,Estrella,1951-06-13,recheverria@gmail.com,American Express,2026-05-05,4001648380734670,companyamador@grupo.net,2022-12-16,Estrella,Casals
ETH_0,ETH_0_1,46,45-49,AGE10,M,M,46,1,ETH,1B,af_ZA,Evans,"25513 Mary Loaf Apt. 806
East Renee, WY 82241",70237,ETH,William,1975-09-24,carlos24@hotmail.com,VISA 16 digit,2023-10-12,3581875695648523,watsongregory@taylor-sanchez.com,2023-01-18,William,Evans
ETH_1,ETH_1_1,76,75-79,AGE16,M,M,76,3,ETH,3AB,af_ZA,Gonzalez,"001 Holt Lakes
Fordfort, MD 28229",82919,ETH,Jeremy,1945-07-27,garysmith@yahoo.com,VISA 16 digit,2023-08-02,3510966311132368,panderson@martinez.com,2022-02-27,Jeremy,Gonzalez
ETH_1,ETH_1_2,50,50-54,AGE11,F,M,76,3,ETH,3AB,af_ZA,Gonzalez,"001 Holt Lakes
Fordfort, MD 28229",82919,ETH,Laura,1971-12-27,ohicks@gmail.com,Maestro,2026-03-17,676181267516,vthomas@cole.info,2026-05-18,Laura,Gonzalez
ETH_1,ETH_1_3,77,75-79,AGE16,F,M,76,3,ETH,3AB,af_ZA,Gonzalez,"001 Holt Lakes
Fordfort, MD 28229",82919,ETH,Pamela,1944-07-19,djoyce@hotmail.com,JCB 16 digit,2024-12-30,6011071653987573,ghall@torres.biz,2026-06-05,Pamela,Gonzalez
ETH_2,ETH_2_1,72,70-74,AGE15,M,M,72,1,ETH,1B,af_ZA,Watts,"5923 Webb Divide
West Nicholefurt, AZ 29230",50921,ETH,Jonathan,1949-02-06,brooke69@gmail.com,VISA 19 digit,2023-10-28,379239150505284,kaitlinnunez@jones.com,2026-05-07,Jonathan,Watts
ETH_3,ETH_3_1,59,55-59,AGE12,F,F,59,1,ETH,1B,af_ZA,Žagar,"2664 Nash Pine Suite 489
New Rebecca, CA 87974",04959,ETH,Kimberly,1962-11-01,smiller@hotmail.com,Diners Club / Carte Blanche,2023-12-13,4026059383373,fwagner@wilson.com,2022-09-27,Kimberly,Zagar
ETH_4,ETH_4_1,26,25-29,AGE6,M,M,26,1,ETH,1B,af_ZA,Ramirez,"923 Roach Extension Suite 098
Timothyburgh, GA 29425",68792,ETH,Larry,1995-03-11,nduarte@hotmail.com,JCB 16 digit,2026-08-17,3569249790883284,moorecarl@cowan.org,2025-04-04,Larry,Ramirez
ETH_5,ETH_5_1,54,50-54,AGE11,M,M,54,2,ETH,2B,af_ZA,Steele,"78041 Jessica Cove Suite 374
Lake Carrie, MN 11982",55417,ETH,Aaron,1967-02-17,benjamin97@gmail.com,JCB 16 digit,2022-12-26,4712857544031,kristin10@moore.biz,2024-10-07,Aaron,Steele
ETH_5,ETH_5_2,21,20-24,AGE5,M,M,54,2,ETH,2B,af_ZA,Steele,"78041 Jessica Cove Suite 374
Lake Carrie, MN 11982",55417,ETH,Willie,2000-12-19,erin09@hotmail.com,Discover,2022-09-03,4170631553244607505,benjamin68@watkins-reeves.com,2025-12-05,Willie,Steele
FRA_0,FRA_0_1,73,70-74,AGE15,M,M,73,3,FRA,3AB,fr_FR,Blanchet,"4, rue Joséphine Bertin
68788 Hardy",31200,FRA,Maurice,1948-08-13,pdupre@bouygtel.fr,VISA 19 digit,2022-03-25,4478143955700,valettemichele@gillet.fr,2024-05-20,Maurice,Blanchet
FRA_0,FRA_0_2,1,0-4,AGE1,M,M,73,3,FRA,3AB,fr_FR,Blanchet,"4, rue Joséphine Bertin
68788 Hardy",31200,FRA,Émile,2020-06-13,-,-,-,-,-,2024-01-04,Emile,Blanchet
FRA_0,FRA_0_3,46,45-49,AGE10,F,M,73,3,FRA,3AB,fr_FR,Blanchet,"4, rue Joséphine Bertin
68788 Hardy",31200,FRA,Paulette,1975-12-22,adelaidegomez@wanadoo.fr,JCB 16 digit,2023-08-03,180040412577791,rguichard@gonzalez.fr,2025-02-10,Paulette,Blanchet
FRA_1,FRA_1_1,78,75-79,AGE16,M,M,78,2,FRA,3AB,fr_FR,Dumas,"219, rue Adrienne Guillaume
97316 Bernier-sur-Mer",34325,FRA,Laurent,1943-04-17,julien72@bouygtel.fr,JCB 16 digit,2023-03-28,6011025625098125,tguillou@moulin.fr,2025-01-24,Laurent,Dumas
FRA_1,FRA_1_2,64,60-64,AGE13,F,M,78,2,FRA,3AB,fr_FR,Dumas,"219, rue Adrienne Guillaume
97316 Bernier-sur-Mer",34325,FRA,Gabrielle,1957-02-23,langloishonore@gmail.com,Maestro,2026-12-14,4720480889335712,leleuveronique@dubois.fr,2023-08-20,Gabrielle,Dumas
FRA_2,FRA_2_1,71,70-74,AGE15,F,F,71,1,FRA,1B,fr_FR,Lesage,"51, boulevard de Lesage
47932 Langlois",20622,FRA,Emmanuelle,1950-12-21,pagesamelie@free.fr,American Express,2024-03-10,060458469115,pmasson@bruneau.net,2024-07-08,Emmanuelle,Lesage
FRA_3,FRA_3_1,72,70-74,AGE15,F,F,72,3,FRA,3AB,fr_FR,Lecoq,"rue Dorothée Colin
45631 Barre-sur-Martins",30896,FRA,Victoire,1949-02-03,petitjeanhortense@laposte.net,Mastercard,2022-03-25,503892722037,oda-silva@delmas.com,2024-04-13,Victoire,Lecoq
FRA_3,FRA_3_2,8,5-9,AGE2,M,F,72,3,FRA,3AB,fr_FR,Lecoq,"rue Dorothée Colin
45631 Barre-sur-Martins",30896,FRA,Victor,2013-01-10,-,-,-,-,-,2023-04-21,Victor,Lecoq
FRA_3,FRA_3_3,55,55-59,AGE12,F,F,72,3,FRA,3AB,fr_FR,Lecoq,"rue Dorothée Colin
45631 Barre-sur-Martins",30896,FRA,Michelle,1966-04-28,madeleinebourdon@voila.fr,VISA 16 digit,2025-12-20,4061031592337060,raymondmillet@seguin.fr,2022-08-24,Michelle,Lecoq
FRA_4,FRA_4_1,54,50-54,AGE11,M,M,54,3,FRA,2A,fr_FR,Briand,"71, rue Peltier
50630 Alves-sur-Mer",64677,FRA,Luc,1967-04-25,ileleu@wanadoo.fr,Diners Club / Carte Blanche,2023-06-07,180014365185498,zacharie98@dupuy.net,2023-01-28,Luc,Briand
FRA_4,FRA_4_2,14,10-14,AGE3,M,M,54,3,FRA,2A,fr_FR,Briand,"71, rue Peltier
50630 Alves-sur-Mer",64677,FRA,Théodore,2007-03-31,celinariou@tiscali.fr,-,-,-,-,2023-06-17,Theodore,Briand
FRA_4,FRA_4_3,15,15-19,AGE4,M,M,54,3,FRA,2A,fr_FR,Briand,"71, rue Peltier
50630 Alves-sur-Mer",64677,FRA,Roland,2006-10-03,tchauveau@live.com,-,-,-,-,2024-07-02,Roland,Briand
FRA_5,FRA_5_1,47,45-49,AGE10,M,M,47,3,FRA,2A,fr_FR,Bailly,"67, avenue Julie Gomez
15487 Macedan",09437,FRA,Bertrand,1974-01-16,lhebert@tele2.fr,Mastercard,2023-03-14,4162765045919984017,adrienlucas@baudry.fr,2024-05-18,Bertrand,Bailly
FRA_5,FRA_5_2,12,10-14,AGE3,M,M,47,3,FRA,2A,fr_FR,Bailly,"67, avenue Julie Gomez
15487 Macedan",09437,FRA,Denis,2009-05-23,vbrunet@hotmail.fr,-,-,-,-,2025-07-20,Denis,Bailly
FRA_5,FRA_5_3,12,10-14,AGE3,M,M,47,3,FRA,2A,fr_FR,Bailly,"67, avenue Julie Gomez
15487 Macedan",09437,FRA,Alain,2009-01-10,andre07@laposte.net,-,-,-,-,2024-05-14,Alain,Bailly
GBR_0,GBR_0_1,58,55-59,AGE12,F,F,58,2,GBR,2B,en_GB,Hudson,"638 Vanessa court
Taylorberg
E8W 8FH",W36 6XN,GBR,Marie,1963-02-16,brendawood@yahoo.com,Mastercard,2024-09-14,4894449703849182,deanknight@allen-parker.com,2022-03-08,Marie,Hudson
GBR_0,GBR_0_2,31,30-34,AGE7,F,F,58,2,GBR,2B,en_GB,Hudson,"638 Vanessa court
Taylorberg
E8W 8FH",W36 6XN,GBR,Stephanie,1990-07-02,eileen43@outlook.com,Maestro,2024-05-05,4240205509964562,mollybrown@connolly.biz,2022-04-30,Stephanie,Hudson
GBR_1,GBR_1_1,39,35-39,AGE8,M,M,39,1,GBR,1B,en_GB,Nelson,"Studio 48
Howard stream
North Mohamed
L01 3RW",GU9B 1LG,GBR,Martin,1982-12-27,halealexandra@yahoo.co.uk,JCB 15 digit,2025-11-17,213106308804184,hughesalexandra@williams.com,2025-05-06,Martin,Nelson
GBR_2,GBR_2_1,35,35-39,AGE8,M,M,35,6,GBR,2A,en_GB,Ellis,"Flat 7
Declan knoll
East Terryport
S3K 5DG",DL75 3WT,GBR,Duncan,1986-02-14,brussell@yahoo.com,Diners Club / Carte Blanche,2024-09-10,30447826728443,clareclarke@white.com,2025-09-21,Duncan,Ellis
GBR_2,GBR_2_2,5,5-9,AGE2,M,M,35,6,GBR,2A,en_GB,Ellis,"Flat 7
Declan knoll
East Terryport
S3K 5DG",DL75 3WT,GBR,Trevor,2016-04-11,-,-,-,-,-,2023-07-04,Trevor,Ellis
GBR_2,GBR_2_3,5,5-9,AGE2,M,M,35,6,GBR,2A,en_GB,Ellis,"Flat 7
Declan knoll
East Terryport
S3K 5DG",DL75 3WT,GBR,Tony,2016-09-28,-,-,-,-,-,2023-09-09,Tony,Ellis
GBR_2,GBR_2_4,2,0-4,AGE1,F,M,35,6,GBR,2A,en_GB,Ellis,"Flat 7
Declan knoll
East Terryport
S3K 5DG",DL75 3WT,GBR,Lorraine,2019-06-20,-,-,-,-,-,2023-10-02,Lorraine,Ellis
GBR_2,GBR_2_5,4,0-4,AGE1,M,M,35,6,GBR,2A,en_GB,Ellis,"Flat 7
Declan knoll
East Terryport
S3K 5DG",DL75 3WT,GBR,Ross,2017-10-25,-,-,-,-,-,2026-08-02,Ross,Ellis
GBR_2,GBR_2_6,9,5-9,AGE2,M,M,35,6,GBR,2A,en_GB,Ellis,"Flat 7
Declan knoll
East Terryport
S3K 5DG",DL75 3WT,GBR,Clive,2012-01-30,-,-,-,-,-,2023-06-03,Clive,Ellis
GBR_3,GBR_3_1,39,35-39,AGE8,M,M,39,4,GBR,2A,en_GB,Pearce,"108 Ward ways
Marionshire
W4 6YU",PR2 3JS,GBR,Callum,1982-01-27,colin13@yahoo.co.uk,JCB 16 digit,2023-02-28,4226963198244,pearsonkatherine@morgan.co.uk,2023-02-07,Callum,Pearce
GBR_3,GBR_3_2,8,5-9,AGE2,M,M,39,4,GBR,2A,en_GB,Pearce,"108 Ward ways
Marionshire
W4 6YU",PR2 3JS,GBR,Graham,2013-02-15,-,-,-,-,-,2022-10-26,Graham,Pearce
GBR_3,GBR_3_3,2,0-4,AGE1,M,M,39,4,GBR,2A,en_GB,Pearce,"108 Ward ways
Marionshire
W4 6YU",PR2 3JS,GBR,Antony,2019-05-21,-,-,-,-,-,2025-06-14,Antony,Pearce
GBR_3,GBR_3_4,12,10-14,AGE3,M,M,39,4,GBR,2A,en_GB,Pearce,"108 Ward ways
Marionshire
W4 6YU",PR2 3JS,GBR,Graeme,2009-04-20,sandersonlindsey@yahoo.co.uk,-,-,-,-,2026-04-11,Graeme,Pearce
GBR_4,GBR_4_1,40,40-44,AGE9,M,M,40,3,GBR,2A,en_GB,Sanders,"Flat 81
Tracey camp
Millsshire
L5 0PW",M36 8DA,GBR,Gareth,1981-12-24,iain33@hotmail.com,Maestro,2026-05-10,585861888212,frank39@evans-boyle.com,2024-04-15,Gareth,Sanders
GBR_4,GBR_4_2,9,5-9,AGE2,M,M,40,3,GBR,2A,en_GB,Sanders,"Flat 81
Tracey camp
Millsshire
L5 0PW",M36 8DA,GBR,Robert,2012-12-08,-,-,-,-,-,2024-11-15,Robert,Sanders
GBR_4,GBR_4_3,14,10-14,AGE3,F,M,40,3,GBR,2A,en_GB,Sanders,"Flat 81
Tracey camp
Millsshire
L5 0PW",M36 8DA,GBR,Pauline,2007-07-01,ianbarrett@hotmail.co.uk,-,-,-,-,2026-11-19,Pauline,Sanders
GGY_0,GGY_0_1,48,45-49,AGE10,F,F,48,3,GGY,2A,en_GB,Arnold,"26 Wilson roads
South Charlene
FY1 1NW",B9E 7DY,GGY,Marie,1973-10-12,droberts@yahoo.co.uk,American Express,2026-08-29,4249617457817207,turnerfrank@ahmed.com,2026-09-06,Marie,Arnold
GGY_0,GGY_0_2,8,5-9,AGE2,F,F,48,3,GGY,2A,en_GB,Arnold,"26 Wilson roads
South Charlene
FY1 1NW",B9E 7DY,GGY,Holly,2013-04-29,-,-,-,-,-,2026-10-20,Holly,Arnold
GGY_0,GGY_0_3,15,15-19,AGE4,M,F,48,3,GGY,2A,en_GB,Arnold,"26 Wilson roads
South Charlene
FY1 1NW",B9E 7DY,GGY,Arthur,2006-11-17,hdoyle@yahoo.com,-,-,-,-,2025-06-30,Arthur,Arnold
GGY_1,GGY_1_1,25,25-29,AGE6,F,F,25,1,GGY,1B,en_GB,Shah,"7 Lynn gateway
West Jay
B52 7XA",B0 3GD,GGY,Denise,1996-01-01,jaynewood@yahoo.com,VISA 16 digit,2022-06-20,2704575983607793,matthewrussell@patel.com,2024-04-19,Denise,Shah
GGY_2,GGY_2_1,27,25-29,AGE6,M,M,27,3,GGY,2A,en_GB,Davies,"Flat 03
Alex plaza
Jeanhaven
N7 6RD",KA25 9QD,GGY,Owen,1994-05-02,qcooke@yahoo.com,VISA 16 digit,2022-11-01,4521554587202100,anthonymorris@cooke.co.uk,2026-07-08,Owen,Davies
GGY_2,GGY_2_2,0,0-4,AGE1,M,M,27,3,GGY,2A,en_GB,Davies,"Flat 03
Alex plaza
Jeanhaven
N7 6RD",KA25 9QD,GGY,Robin,2021-04-20,-,-,-,-,-,2024-05-21,Robin,Davies
GGY_2,GGY_2_3,0,0-4,AGE1,F,M,27,3,GGY,2A,en_GB,Davies,"Flat 03
Alex plaza
Jeanhaven
N7 6RD",KA25 9QD,GGY,Carly,2021-01-03,-,-,-,-,-,2026-11-21,Carly,Davies
GGY_3,GGY_3_1,52,50-54,AGE11,F,F,52,1,GGY,1B,en_GB,Lowe,"Studio 93T
Grace canyon
East Paul
W95 0RX",B20 6DB,GGY,Deborah,1969-03-03,nichollsjenna@hotmail.co.uk,Maestro,2022-07-21,4702556621641657,iahmed@smith.com,2024-09-10,Deborah,Lowe
GGY_4,GGY_4_1,78,75-79,AGE16,M,M,78,3,GGY,3AB,en_GB,Akhtar,"31 David keys
Chloetown
WC10 7HE",EH50 5XT,GGY,Danny,1943-12-10,nicole41@yahoo.co.uk,Mastercard,2024-05-24,501846972831,shepherdnaomi@russell.com,2025-06-21,Danny,Akhtar
GGY_4,GGY_4_2,5,5-9,AGE2,M,M,78,3,GGY,3AB,en_GB,Akhtar,"31 David keys
Chloetown
WC10 7HE",EH50 5XT,GGY,Kevin,2016-08-11,-,-,-,-,-,2026-06-04,Kevin,Akhtar
GGY_4,GGY_4_3,6,5-9,AGE2,M,M,78,3,GGY,3AB,en_GB,Akhtar,"31 David keys
Chloetown
WC10 7HE",EH50 5XT,GGY,Joseph,2015-11-03,-,-,-,-,-,2025-11-14,Joseph,Akhtar
GGY_5,GGY_5_1,46,45-49,AGE10,M,M,46,1,GGY,1B,en_GB,Burton,"844 Joe islands
Doddton
IV1 5EA",S94 0WQ,GGY,Benjamin,1975-01-11,psmith@hotmail.co.uk,JCB 16 digit,2026-12-10,639064192813,jessica54@heath.co.uk,2022-08-31,Benjamin,Burton
GIB_0,GIB_0_1,29,25-29,AGE6,M,M,29,2,GIB,2B,en_GB,Johnson,"Flat 39l
Kathleen vista
West Joanna
WA4N 6QW",LE6 8TL,GIB,Raymond,1992-10-08,beverley08@yahoo.co.uk,VISA 16 digit,2026-04-18,6011041489326684,markedwards@waters.net,2026-11-18,Raymond,Johnson
GIB_0,GIB_0_2,1,0-4,AGE1,M,M,29,2,GIB,2B,en_GB,Johnson,"Flat 39l
Kathleen vista
West Joanna
WA4N 6QW",LE6 8TL,GIB,Shane,2020-04-24,-,-,-,-,-,2023-12-10,Shane,Johnson
GIB_1,GIB_1_1,45,45-49,AGE10,F,F,45,2,GIB,1A,en_GB,Davis,"1 Hodgson bridge
North Sarah
DH03 7WQ",NN37 7QZ,GIB,Jemma,1976-04-12,gerald86@hotmail.com,Maestro,2024-08-29,6011867662847611,liamjordan@gregory-evans.biz,2023-09-15,Jemma,Davis
GIB_1,GIB_1_2,5,5-9,AGE2,F,F,45,2,GIB,1A,en_GB,Davis,"1 Hodgson bridge
North Sarah
DH03 7WQ",NN37 7QZ,GIB,Carolyn,2016-02-23,-,-,-,-,-,2026-12-29,Carolyn,Davis
GIB_2,GIB_2_1,50,50-54,AGE11,M,M,50,3,GIB,2A,en_GB,Beck,"Flat 99B
Knowles vista
Jenkinschester
G2 2GF",W54 2NY,GIB,Kyle,1971-12-03,careycraig@hotmail.co.uk,VISA 13 digit,2025-02-04,5589606009881584,ryanbailey@rowe.com,2023-10-30,Kyle,Beck
GIB_2,GIB_2_2,20,20-24,AGE5,M,M,50,3,GIB,2A,en_GB,Beck,"Flat 99B
Knowles vista
Jenkinschester
G2 2GF",W54 2NY,GIB,Danny,2001-04-19,francis86@hotmail.co.uk,JCB 16 digit,2022-04-18,4081406564066689,-,2026-08-09,Danny,Beck
GIB_2,GIB_2_3,10,10-14,AGE3,F,M,50,3,GIB,2A,en_GB,Beck,"Flat 99B
Knowles vista
Jenkinschester
G2 2GF",W54 2NY,GIB,Alison,2011-08-16,carole47@hotmail.com,-,-,-,-,2026-01-31,Alison,Beck
GIB_3,GIB_3_1,65,65-69,AGE14,F,F,65,1,GIB,1B,en_GB,Jacobson,"Flat 2
Thomas shores
West Gordonmouth
NR0H 2YD",B9D 9FR,GIB,Suzanne,1956-10-25,patrick42@yahoo.co.uk,VISA 13 digit,2025-09-03,3545887618242636,johnrobinson@russell-francis.biz,2025-08-03,Suzanne,Jacobson
GIB_4,GIB_4_1,42,40-44,AGE9,M,M,42,2,GIB,2B,en_GB,Clarke,"Flat 05C
Ryan mountains
Shirleystad
HU29 0PB",PO9H 1JQ,GIB,Denis,1979-07-24,tellis@hotmail.com,JCB 15 digit,2023-01-04,2229562573758232,jhewitt@morgan.com,2022-08-06,Denis,Clarke
GIB_4,GIB_4_2,4,0-4,AGE1,M,M,42,2,GIB,2B,en_GB,Clarke,"Flat 05C
Ryan mountains
Shirleystad
HU29 0PB",PO9H 1JQ,GIB,Richard,2017-12-03,-,-,-,-,-,2024-09-20,Richard,Clarke
GIB_5,GIB_5_1,70,70-74,AGE15,M,M,70,3,GIB,3AB,en_GB,Andrews,"Flat 46
Victoria islands
Leahhaven
N8F 4WQ",N3B 8TH,GIB,Ryan,1951-01-01,justinbaker@yahoo.com,VISA 16 digit,2026-09-01,060427443233,lee55@sanders.com,2024-07-24,Ryan,Andrews
GIB_5,GIB_5_2,69,65-69,AGE14,F,M,70,3,GIB,3AB,en_GB,Andrews,"Flat 46
Victoria islands
Leahhaven
N8F 4WQ",N3B 8TH,GIB,Charlene,1952-03-03,patrickdean@outlook.com,VISA 19 digit,2023-06-22,4576498033575608,catherine74@bell.org,2026-03-25,Charlene,Andrews
GIB_5,GIB_5_3,48,45-49,AGE10,F,M,70,3,GIB,3AB,en_GB,Andrews,"Flat 46
Victoria islands
Leahhaven
N8F 4WQ",N3B 8TH,GIB,Diana,1973-09-08,hussainjonathan@hotmail.com,VISA 19 digit,2022-01-21,4790964278071667248,chloe17@carr-barrett.org,2022-08-03,Diana,Andrews
GRC_0,GRC_0_1,39,35-39,AGE8,M,M,39,8,GRC,2A,el_GR,Σακκή,"Παπανάνου 19-68,
ΤΚ 996 98 Ηγουμενίτσα",37279,GRC,Σαμουήλ,1982-07-13,sakellariou.fragkiskos@googlemail.gr,Diners Club / Carte Blanche,2024-01-31,060441534579,neokleia81@papadimitriadis-samaras.gr,2024-05-09,Samouel,Sakke
GRC_0,GRC_0_2,3,0-4,AGE1,M,M,39,8,GRC,2A,el_GR,Σακκή,"Παπανάνου 19-68,
ΤΚ 996 98 Ηγουμενίτσα",37279,GRC,Φανούριος,2018-03-15,-,-,-,-,-,2024-08-16,Phanourios,Sakke
GRC_0,GRC_0_3,11,10-14,AGE3,F,M,39,8,GRC,2A,el_GR,Σακκή,"Παπανάνου 19-68,
ΤΚ 996 98 Ηγουμενίτσα",37279,GRC,Χρυσοβαλάντω,2010-12-07,charalampidou.tilemachos@gmail.com,-,-,-,-,2025-06-09,Khrusobalanto,Sakke
GRC_0,GRC_0_4,3,0-4,AGE1,M,M,39,8,GRC,2A,el_GR,Σακκή,"Παπανάνου 19-68,
ΤΚ 996 98 Ηγουμενίτσα",37279,GRC,Κώστας,2018-12-01,-,-,-,-,-,2025-12-27,Kostas,Sakke
GRC_0,GRC_0_5,4,0-4,AGE1,F,M,39,8,GRC,2A,el_GR,Σακκή,"Παπανάνου 19-68,
ΤΚ 996 98 Ηγουμενίτσα",37279,GRC,Φιλομήλα,2017-03-09,-,-,-,-,-,2023-03-20,Philomela,Sakke
GRC_0,GRC_0_6,0,0-4,AGE1,F,M,39,8,GRC,2A,el_GR,Σακκή,"Παπανάνου 19-68,
ΤΚ 996 98 Ηγουμενίτσα",37279,GRC,Μαρίνα,2021-09-09,-,-,-,-,-,2025-05-12,Marina,Sakke
GRC_0,GRC_0_7,0,0-4,AGE1,M,M,39,8,GRC,2A,el_GR,Σακκή,"Παπανάνου 19-68,
ΤΚ 996 98 Ηγουμενίτσα",37279,GRC,Αργύριος,2021-02-12,-,-,-,-,-,2024-08-04,Argurios,Sakke
GRC_0,GRC_0_8,11,10-14,AGE3,M,M,39,8,GRC,2A,el_GR,Σακκή,"Παπανάνου 19-68,
ΤΚ 996 98 Ηγουμενίτσα",37279,GRC,Σωτήρης,2010-02-22,pgkova@forthnet.gr,-,-,-,-,2023-02-14,Soteres,Sakke
HRV_0,HRV_0_1,40,40-44,AGE9,M,M,40,3,HRV,1A,hr_HR,Porter,"Palmotićeva 0b/6
05749 Krk",31137,HRV,Tomislav,1981-07-12,mirkoforjan@zg.t-com.hr,VISA 16 digit,2023-08-06,676170757964,lea39@strinavic.info,2026-10-27,Tomislav,Porter
HRV_0,HRV_0_2,1,0-4,AGE1,M,M,40,3,HRV,1A,hr_HR,Porter,"Palmotićeva 0b/6
05749 Krk",31137,HRV,Tomislav,2020-12-12,-,-,-,-,-,2024-09-16,Tomislav,Porter
HRV_0,HRV_0_3,7,5-9,AGE2,M,M,40,3,HRV,1A,hr_HR,Porter,"Palmotićeva 0b/6
05749 Krk",31137,HRV,Kristijan,2014-11-15,-,-,-,-,-,2025-03-06,Kristijan,Porter
IMN_0,IMN_0_1,46,45-49,AGE10,M,M,46,1,IMN,1B,en_GB,Master,"0 Sharon cape
North Rosemary
FY8Y 8RG",KT71 7AH,IMN,Simon,1975-12-07,jordanharrison@outlook.com,Diners Club / Carte Blanche,2022-06-02,213124768105364,aimeewebb@clarke.net,2025-09-13,Simon,Master
IMN_1,IMN_1_1,54,50-54,AGE11,M,M,54,3,IMN,2A,en_GB,Smith,"Studio 63Q
Williamson run
East Barryfurt
S2D 4GA",B96 4LP,IMN,Nathan,1967-07-26,jonesrachel@yahoo.com,JCB 16 digit,2023-05-24,4441792759965152254,julie85@arnold.co.uk,2025-04-07,Nathan,Smith
IMN_1,IMN_1_2,18,15-19,AGE4,M,M,54,3,IMN,2A,en_GB,Smith,"Studio 63Q
Williamson run
East Barryfurt
S2D 4GA",B96 4LP,IMN,Maurice,2003-03-15,max08@gmail.com,JCB 16 digit,2023-12-02,5109440337610205,-,2024-01-16,Maurice,Smith
IMN_1,IMN_1_3,15,15-19,AGE4,M,M,54,3,IMN,2A,en_GB,Smith,"Studio 63Q
Williamson run
East Barryfurt
S2D 4GA",B96 4LP,IMN,Paul,2006-02-26,vkirk@yahoo.com,-,-,-,-,2022-04-30,Paul,Smith
IMN_2,IMN_2_1,56,55-59,AGE12,F,F,56,1,IMN,1B,en_GB,Bailey,"Studio 47
Bishop corner
East Melissashire
NG6 7XX",CT7A 8FJ,IMN,Bethan,1965-02-01,clarketracy@gmail.com,VISA 19 digit,2024-11-22,3510407083286843,nathanoliver@bennett.com,2022-10-25,Bethan,Bailey
IMN_3,IMN_3_1,28,25-29,AGE6,M,M,28,2,IMN,2B,en_GB,Sharpe,"Flat 52R
Jenna pines
Kempview
B6 8ZG",B42 4WZ,IMN,Joe,1993-08-31,kharrison@hotmail.co.uk,JCB 16 digit,2024-01-01,6011361263310377,natasharandall@cooper.biz,2022-01-05,Joe,Sharpe
IMN_3,IMN_3_2,1,0-4,AGE1,M,M,28,2,IMN,2B,en_GB,Sharpe,"Flat 52R
Jenna pines
Kempview
B6 8ZG",B42 4WZ,IMN,Robert,2020-05-17,-,-,-,-,-,2025-12-18,Robert,Sharpe
IMN_4,IMN_4_1,52,50-54,AGE11,M,M,52,3,IMN,1A,en_GB,Kaur,"Flat 38
Yvonne greens
Port Jade
SP20 4LS",EC2 4XH,IMN,Marcus,1969-04-17,rickybailey@outlook.com,JCB 15 digit,2023-07-12,3564810024017620,qsykes@newton.com,2023-01-08,Marcus,Kaur
IMN_4,IMN_4_2,19,15-19,AGE4,M,M,52,3,IMN,1A,en_GB,Kaur,"Flat 38
Yvonne greens
Port Jade
SP20 4LS",EC2 4XH,IMN,Victor,2002-05-18,smithashleigh@outlook.com,-,-,-,-,2022-12-04,Victor,Kaur
IMN_4,IMN_4_3,16,15-19,AGE4,M,M,52,3,IMN,1A,en_GB,Kaur,"Flat 38
Yvonne greens
Port Jade
SP20 4LS",EC2 4XH,IMN,Stuart,2005-06-08,georgewhitehead@gmail.com,-,-,-,-,2023-02-12,Stuart,Kaur
IMN_5,IMN_5_1,59,55-59,AGE12,M,M,59,2,IMN,2B,en_GB,Dobson,"Flat 5
Stephen avenue
Lake Eileen
FK5V 8BZ",IV69 2AJ,IMN,Marcus,1962-01-31,albertwilson@hotmail.com,VISA 19 digit,2025-06-08,4800225897197,shammond@mason-marsh.com,2026-07-15,Marcus,Dobson
IMN_5,IMN_5_2,22,20-24,AGE5,M,M,59,2,IMN,2B,en_GB,Dobson,"Flat 5
Stephen avenue
Lake Eileen
FK5V 8BZ",IV69 2AJ,IMN,Billy,1999-06-10,juliacampbell@hotmail.co.uk,Mastercard,2022-06-30,3598138192309201,rachelmartin@farmer.org,2025-07-23,Billy,Dobson
ISL_0,ISL_0_1,30,30-34,AGE7,M,M,30,1,ISL,1B,sv_SE,Söderström,"Stationsstigen 41
86894 Karlskrona",87998,ISL,Lennart,1991-12-11,martenssonalbin@googlemail.com,VISA 19 digit,2025-11-10,4852980342815895,vlindkvist@karlsson.com,2026-01-07,Lennart,Soderstrom
JEY_0,JEY_0_1,71,70-74,AGE15,M,M,71,2,JEY,2B,en_GB,Daly,"3 Richardson squares
Gregorytown
TD2 4FU",N13 5PF,JEY,Toby,1950-10-29,lauraglover@yahoo.com,VISA 13 digit,2026-07-03,373878737766756,georgina22@matthews.com,2026-03-22,Toby,Daly
JEY_0,JEY_0_2,44,40-44,AGE9,M,M,71,2,JEY,2B,en_GB,Daly,"3 Richardson squares
Gregorytown
TD2 4FU",N13 5PF,JEY,Lawrence,1977-01-03,melaniebegum@yahoo.com,Mastercard,2024-03-25,676240935319,abbie82@hill-harrison.com,2026-07-09,Lawrence,Daly
JEY_1,JEY_1_1,62,60-64,AGE13,M,M,62,1,JEY,1B,en_GB,Stephens,"Studio 34
Sutton plain
Charlesbury
B2 1JU",WF8 1PL,JEY,Francis,1959-04-01,julie53@yahoo.com,VISA 13 digit,2025-12-17,4714848411671278536,chelsea81@davies.com,2026-05-22,Francis,Stephens
JEY_2,JEY_2_1,27,25-29,AGE6,M,M,27,2,JEY,1A,en_GB,Marsh,"Studio 80i
Antony inlet
Murraymouth
SE6 9WZ",M5F 2PU,JEY,Jeremy,1994-03-16,fraserdennis@hotmail.com,American Express,2022-03-31,6546622085482296,peter98@ali.com,2023-10-23,Jeremy,Marsh
JEY_2,JEY_2_2,0,0-4,AGE1,M,M,27,2,JEY,1A,en_GB,Marsh,"Studio 80i
Antony inlet
Murraymouth
SE6 9WZ",M5F 2PU,JEY,Trevor,2021-05-05,-,-,-,-,-,2022-09-23,Trevor,Marsh
JEY_3,JEY_3_1,39,35-39,AGE8,M,M,39,2,JEY,2B,en_GB,Solheim,"877 Herbert key
West Sandra
RH5 8ZQ",DD5V 6DF,JEY,Josh,1982-05-07,gareth81@yahoo.com,JCB 16 digit,2022-12-13,2498036442916069,smithkate@nelson.com,2024-09-12,Josh,Solheim
JEY_3,JEY_3_2,12,10-14,AGE3,M,M,39,2,JEY,2B,en_GB,Solheim,"877 Herbert key
West Sandra
RH5 8ZQ",DD5V 6DF,JEY,Garry,2009-09-23,gordondiane@yahoo.co.uk,-,-,-,-,2022-08-14,Garry,Solheim
JEY_4,JEY_4_1,49,45-49,AGE10,M,M,49,1,JEY,1B,en_GB,Webb,"053 Antony green
East Brett
FY9X 7AB",WD87 9WA,JEY,Oliver,1972-11-29,operry@gmail.com,JCB 15 digit,2022-09-26,346819772778722,prestondawn@curtis-marshall.com,2023-02-12,Oliver,Webb
JEY_5,JEY_5_1,61,60-64,AGE13,M,M,61,2,JEY,2B,en_GB,Hill,"9 Hayes canyon
South Derekbury
LS3 9FG",E0 8YU,JEY,Keith,1960-07-29,khancock@yahoo.com,Diners Club / Carte Blanche,2023-10-18,4627846361256234,nathanharding@whitehouse.com,2024-10-18,Keith,Hill
JEY_5,JEY_5_2,32,30-34,AGE7,M,M,61,2,JEY,2B,en_GB,Hill,"9 Hayes canyon
South Derekbury
LS3 9FG",E0 8YU,JEY,Patrick,1989-11-23,dpotter@yahoo.co.uk,American Express,2023-01-11,6552349255630378,lindseywood@edwards.com,2024-04-01,Patrick,Hill
KEN_0,KEN_0_1,52,50-54,AGE11,M,M,52,3,KEN,2A,af_ZA,Long,"378 Alexander Lake Apt. 382
Davidland, TX 76759",90628,KEN,Stephen,1969-01-17,cobrien@hotmail.com,Maestro,2023-01-18,3568850153430331,samantharodriguez@sanchez.com,2023-11-30,Stephen,Long
KEN_0,KEN_0_2,18,15-19,AGE4,M,M,52,3,KEN,2A,af_ZA,Long,"378 Alexander Lake Apt. 382
Davidland, TX 76759",90628,KEN,Leonard,2003-06-01,lperez@yahoo.com,Mastercard,2022-04-10,4884165810592836,-,2026-04-22,Leonard,Long
KEN_0,KEN_0_3,20,20-24,AGE5,F,M,52,3,KEN,2A,af_ZA,Long,"378 Alexander Lake Apt. 382
Davidland, TX 76759",90628,KEN,Tiffany,2001-01-05,cynthiasmith@gmail.com,-,-,-,-,2026-11-12,Tiffany,Long
KEN_1,KEN_1_1,26,25-29,AGE6,M,M,26,1,KEN,1B,af_ZA,Acosta,"6952 Valdez Cliffs Suite 395
South Camerontown, NV 60227",83579,KEN,Erik,1995-01-19,khuang@hotmail.com,VISA 16 digit,2023-01-08,6586424161004990,lindsey82@young.com,2023-09-22,Erik,Acosta
KEN_2,KEN_2_1,78,75-79,AGE16,M,M,78,3,KEN,3AB,af_ZA,Parker,"47514 Bridges Flat
Anthonyhaven, GA 16109",75452,KEN,Matthew,1943-11-15,theresa42@hotmail.com,JCB 16 digit,2026-02-24,6541482642155355,gordonmichael@reyes-cooper.com,2022-02-09,Matthew,Parker
KEN_2,KEN_2_2,34,30-34,AGE7,F,M,78,3,KEN,3AB,af_ZA,Parker,"47514 Bridges Flat
Anthonyhaven, GA 16109",75452,KEN,Kimberly,1987-05-13,amccall@gmail.com,VISA 16 digit,2025-06-01,180078082953736,katelyngriffith@henderson.com,2024-01-29,Kimberly,Parker
KEN_2,KEN_2_3,21,20-24,AGE5,M,M,78,3,KEN,3AB,af_ZA,Parker,"47514 Bridges Flat
Anthonyhaven, GA 16109",75452,KEN,Thomas,2000-07-14,jennifernovak@gmail.com,Mastercard,2022-03-28,3538935820557439,ulewis@reyes.org,2025-02-06,Thomas,Parker
KEN_3,KEN_3_1,25,25-29,AGE6,M,M,25,1,KEN,1B,af_ZA,Hernandez,"1307 Beth Spring Suite 939
Edwardmouth, NY 06500",81295,KEN,Kevin,1996-03-07,briankelly@yahoo.com,VISA 19 digit,2025-06-21,4602548504083496,robertssarah@robinson-kelly.biz,2023-11-28,Kevin,Hernandez
KEN_4,KEN_4_1,78,75-79,AGE16,M,M,78,2,KEN,2B,af_ZA,Cox,"USCGC Summers
FPO AA 37613",24313,KEN,Robert,1943-08-08,wmartin@hotmail.com,JCB 16 digit,2023-06-14,4859332733978515,xwilliams@harrison-edwards.com,2026-08-31,Robert,Cox
KEN_4,KEN_4_2,44,40-44,AGE9,M,M,78,2,KEN,2B,af_ZA,Cox,"USCGC Summers
FPO AA 37613",24313,KEN,John,1977-09-10,oliviacasey@hotmail.com,JCB 15 digit,2026-01-06,3519649487207054,fross@bender.com,2026-05-23,John,Cox
KEN_5,KEN_5_1,44,40-44,AGE9,F,F,44,3,KEN,2A,af_ZA,Sanchez,"85086 Berger Estates Apt. 282
Lake Michaelmouth, OK 37895",46772,KEN,Robin,1977-03-14,moorestephen@hotmail.com,VISA 19 digit,2026-10-20,180072153401303,michaelgardner@haas.com,2022-04-12,Robin,Sanchez
KEN_5,KEN_5_2,11,10-14,AGE3,F,F,44,3,KEN,2A,af_ZA,Sanchez,"85086 Berger Estates Apt. 282
Lake Michaelmouth, OK 37895",46772,KEN,Patricia,2010-07-14,johnreed@gmail.com,-,-,-,-,2026-01-14,Patricia,Sanchez
KEN_5,KEN_5_3,8,5-9,AGE2,M,F,44,3,KEN,2A,af_ZA,Sanchez,"85086 Berger Estates Apt. 282
Lake Michaelmouth, OK 37895",46772,KEN,Keith,2013-07-14,-,-,-,-,-,2026-12-08,Keith,Sanchez
LUX_0,LUX_0_1,45,45-49,AGE10,M,M,45,4,LUX,2A,lb_LU,West,"103 Drew Ranch
Port Sherry, WY 75972",46886,LUX,Sean,1976-07-07,millerjodi@gmail.com,VISA 16 digit,2023-03-06,4925538108669453454,michaelstephanie@sanchez.biz,2022-06-23,Sean,West
LUX_0,LUX_0_2,9,5-9,AGE2,M,M,45,4,LUX,2A,lb_LU,West,"103 Drew Ranch
Port Sherry, WY 75972",46886,LUX,Jordan,2012-01-10,-,-,-,-,-,2025-02-22,Jordan,West
LUX_0,LUX_0_3,6,5-9,AGE2,F,M,45,4,LUX,2A,lb_LU,West,"103 Drew Ranch
Port Sherry, WY 75972",46886,LUX,Pamela,2015-01-22,-,-,-,-,-,2026-08-16,Pamela,West
LUX_0,LUX_0_4,13,10-14,AGE3,F,M,45,4,LUX,2A,lb_LU,West,"103 Drew Ranch
Port Sherry, WY 75972",46886,LUX,Amanda,2008-04-01,mejiaapril@yahoo.com,-,-,-,-,2026-01-15,Amanda,West
MAR_0,MAR_0_1,43,40-44,AGE9,M,M,43,4,MAR,2A,ar_SA,الجابر,"47167 ميرال Light Suite 872
أزهارfurt, DC 98378",37680,MAR,شهاب,1978-09-14,lshykhsh@gmail.com,VISA 13 digit,2022-03-05,4577866293106,jal-bn-zfr@llyn-lmshwl.com,2026-03-07,shhb,ljbr
MAR_0,MAR_0_2,11,10-14,AGE3,M,M,43,4,MAR,2A,ar_SA,الجابر,"47167 ميرال Light Suite 872
أزهارfurt, DC 98378",37680,MAR,ظريف,2010-08-03,klmshwl@hotmail.com,-,-,-,-,2022-07-21,Zryf,ljbr
MAR_0,MAR_0_3,14,10-14,AGE3,F,M,43,4,MAR,2A,ar_SA,الجابر,"47167 ميرال Light Suite 872
أزهارfurt, DC 98378",37680,MAR,راما,2007-08-01,jal-khdyr@yahoo.com,-,-,-,-,2025-06-28,rm,ljbr
MAR_0,MAR_0_4,3,0-4,AGE1,F,M,43,4,MAR,2A,ar_SA,الجابر,"47167 ميرال Light Suite 872
أزهارfurt, DC 98378",37680,MAR,جوريّة,2018-01-26,-,-,-,-,-,2024-09-01,jwryW@,ljbr
MAR_1,MAR_1_1,75,75-79,AGE16,F,F,75,1,MAR,1B,ar_SA,آل صفوان,"477 ريما Center Suite 264
آل صفوانville, GU 17750",47097,MAR,بنفسج,1946-02-20,ilhkyr@hotmail.com,Discover,2024-11-01,6011366012429477,tryflmshwl@bqshn.org,2022-06-02,bnfsj,al Sfwn
MAR_2,MAR_2_1,30,30-34,AGE7,M,M,30,1,MAR,1B,ar_SA,Blažková,"41596 زغلول Meadow
South ألين, AK 91051",73500,MAR,نصر,1991-03-28,mshrf65@yahoo.com,JCB 16 digit,2026-11-18,676131031616,nbn-ldn@hjr.com,2026-09-10,nSr,Blazkova
MAR_3,MAR_3_1,33,30-34,AGE7,M,M,33,3,MAR,2A,ar_SA,المهيدب,"2620 المهيدب Wells Apt. 814
New لتينhaven, PR 69280",09728,MAR,هادي,1988-05-05,lrshdbd-lrwhmn@gmail.com,Discover,2022-01-08,6593204786851202,yr91@ljln.net,2026-05-25,hdy,lmhydb
MAR_3,MAR_3_2,0,0-4,AGE1,M,M,33,3,MAR,2A,ar_SA,المهيدب,"2620 المهيدب Wells Apt. 814
New لتينhaven, PR 69280",09728,MAR,قاصد,2021-05-03,-,-,-,-,-,2022-08-29,qSd,lmhydb
MAR_3,MAR_3_3,5,5-9,AGE2,F,M,33,3,MAR,2A,ar_SA,المهيدب,"2620 المهيدب Wells Apt. 814
New لتينhaven, PR 69280",09728,MAR,نوال,2016-06-10,-,-,-,-,-,2024-04-17,nwl,lmhydb
MAR_4,MAR_4_1,66,65-69,AGE14,F,F,66,1,MAR,1B,ar_SA,آل صفوان,"1768 ثروت Field Apt. 791
يانعland, DC 48702",60810,MAR,جيلان,1955-07-18,fkry57@hotmail.com,VISA 16 digit,2025-04-10,6572687552250267,bd-llym49@al.com,2025-04-04,jyln,al Sfwn
MAR_5,MAR_5_1,36,35-39,AGE8,M,M,36,4,MAR,2A,ar_SA,حجار,"0794 ساهد Drive
آل رفيعfurt, PA 41041",83697,MAR,ظاعن,1985-05-09,al-swdmshfq@gmail.com,Discover,2025-03-13,3579808084664649,al-lyly@ljfly-b.biz,2024-03-23,Z`n,Hjr
MAR_5,MAR_5_2,0,0-4,AGE1,M,M,36,4,MAR,2A,ar_SA,حجار,"0794 ساهد Drive
آل رفيعfurt, PA 41041",83697,MAR,خطيب,2021-05-20,-,-,-,-,-,2023-11-25,khTyb,Hjr
MAR_5,MAR_5_3,5,5-9,AGE2,M,M,36,4,MAR,2A,ar_SA,حجار,"0794 ساهد Drive
آل رفيعfurt, PA 41041",83697,MAR,نزيه,2016-07-01,-,-,-,-,-,2026-06-13,nzyh,Hjr
MAR_5,MAR_5_4,8,5-9,AGE2,M,M,36,4,MAR,2A,ar_SA,حجار,"0794 ساهد Drive
آل رفيعfurt, PA 41041",83697,MAR,جسور,2013-02-14,-,-,-,-,-,2024-09-14,jswr,Hjr
MLI_0,MLI_0_1,45,45-49,AGE10,M,M,45,2,MLI,1A,af_ZA,Hicks,"081 Alexis Forge
Kimberlyview, CO 90129",19694,MLI,George,1976-01-13,scottjohn@gmail.com,VISA 16 digit,2023-03-30,4288625006152531,tylermcclure@hartman.com,2026-04-12,George,Hicks
MLI_0,MLI_0_2,15,15-19,AGE4,M,M,45,2,MLI,1A,af_ZA,Hicks,"081 Alexis Forge
Kimberlyview, CO 90129",19694,MLI,Duane,2006-07-31,zbauer@hotmail.com,-,-,-,-,2026-10-18,Duane,Hicks
MLI_1,MLI_1_1,58,55-59,AGE12,M,M,58,3,MLI,3AB,af_ZA,Pennington,"4735 Garcia Skyway Suite 776
Hallburgh, NJ 07517",55809,MLI,Adam,1963-10-03,bradley21@gmail.com,Discover,2025-09-14,3593916595566278,davidcisneros@hale.com,2023-05-30,Adam,Pennington
MLI_1,MLI_1_2,9,5-9,AGE2,M,M,58,3,MLI,3AB,af_ZA,Pennington,"4735 Garcia Skyway Suite 776
Hallburgh, NJ 07517",55809,MLI,Christopher,2012-12-17,-,-,-,-,-,2022-04-30,Christopher,Pennington
MLI_1,MLI_1_3,55,55-59,AGE12,F,M,58,3,MLI,3AB,af_ZA,Pennington,"4735 Garcia Skyway Suite 776
Hallburgh, NJ 07517",55809,MLI,Megan,1966-06-09,william61@gmail.com,American Express,2023-03-02,4901332221273393,barbarabrown@weaver.com,2022-10-26,Megan,Pennington
MLI_2,MLI_2_1,37,35-39,AGE8,M,M,37,2,MLI,2B,af_ZA,Snow,"96459 Obrien Turnpike
Boylehaven, MA 38899",51707,MLI,Bradley,1984-04-29,moralescharles@yahoo.com,VISA 19 digit,2026-05-02,4629603064161171,garciaerin@jackson.com,2025-05-20,Bradley,Snow
MLI_2,MLI_2_2,11,10-14,AGE3,M,M,37,2,MLI,2B,af_ZA,Snow,"96459 Obrien Turnpike
Boylehaven, MA 38899",51707,MLI,Joseph,2010-02-25,gonzalezkyle@yahoo.com,-,-,-,-,2023-10-01,Joseph,Snow
MLI_3,MLI_3_1,64,60-64,AGE13,M,M,64,4,MLI,3AB,af_ZA,Gray,"9241 Bates Forest
Jefferyborough, UT 00905",56787,MLI,Douglas,1957-06-03,scottbeasley@hotmail.com,VISA 13 digit,2022-05-21,4478188119576315408,amberbeasley@zamora-chaney.org,2026-04-22,Douglas,Gray
MLI_3,MLI_3_2,61,60-64,AGE13,F,M,64,4,MLI,3AB,af_ZA,Gray,"9241 Bates Forest
Jefferyborough, UT 00905",56787,MLI,Stacie,1960-12-26,smanning@yahoo.com,JCB 16 digit,2025-12-09,3525819899994456,ashleydavis@moore.com,2024-11-04,Stacie,Gray
MLI_3,MLI_3_3,27,25-29,AGE6,F,M,64,4,MLI,3AB,af_ZA,Gray,"9241 Bates Forest
Jefferyborough, UT 00905",56787,MLI,Kaitlyn,1994-05-31,deleonjonathan@gmail.com,JCB 16 digit,2025-02-21,4445724944437,vclements@coleman.com,2025-04-07,Kaitlyn,Gray
MLI_3,MLI_3_4,2,0-4,AGE1,M,M,64,4,MLI,3AB,af_ZA,Gray,"9241 Bates Forest
Jefferyborough, UT 00905",56787,MLI,Jason,2019-01-18,-,-,-,-,-,2022-10-31,Jason,Gray
MLI_4,MLI_4_1,33,30-34,AGE7,M,M,33,1,MLI,1B,af_ZA,Smith,"9317 Kevin Fields
Curtismouth, KS 81320",99588,MLI,Bryan,1988-07-28,kdunn@hotmail.com,VISA 13 digit,2024-08-07,373014136480712,baxterlaura@garcia.com,2026-06-17,Bryan,Smith
MLI_5,MLI_5_1,33,30-34,AGE7,F,F,33,1,MLI,1B,af_ZA,Alvarez,"6295 Vasquez Key Apt. 154
Mannville, HI 50519",65162,MLI,Julie,1988-03-16,richard60@hotmail.com,Mastercard,2022-10-10,503806405927,ashleysmith@gray.com,2023-08-08,Julie,Alvarez
MLT_0,MLT_0_1,79,75-79,AGE16,M,M,79,2,MLT,2B,,Johnson,"101 Rick Coves Apt. 330
Masonburgh, RI 43921",49833,MLT,Jack,1942-01-31,mooretonya@hotmail.com,American Express,2026-03-01,6011220997316342,williamsjoseph@hahn.com,2024-04-11,Jack,Johnson
MLT_0,MLT_0_2,52,50-54,AGE11,M,M,79,2,MLT,2B,,Johnson,"101 Rick Coves Apt. 330
Masonburgh, RI 43921",49833,MLT,Richard,1969-05-03,kyle05@gmail.com,Maestro,2022-07-07,30222820611667,pruittdenise@hicks-miller.net,2026-01-12,Richard,Johnson
NAM_0,NAM_0_1,52,50-54,AGE11,M,M,52,2,NAM,3AB,af_ZA,Shaw,"PSC 3043, Box 2655
APO AA 77553",16642,NAM,Brett,1969-08-22,johndavis@gmail.com,Discover,2025-02-25,3564455586180695,djohnson@tapia.com,2024-10-14,Brett,Shaw
NAM_0,NAM_0_2,67,65-69,AGE14,F,M,52,2,NAM,3AB,af_ZA,Shaw,"PSC 3043, Box 2655
APO AA 77553",16642,NAM,Brittany,1954-04-14,randy28@hotmail.com,Discover,2026-11-17,371360624561022,brittneyhughes@skinner.biz,2023-11-24,Brittany,Shaw
NAM_1,NAM_1_1,46,45-49,AGE10,F,F,46,1,NAM,1B,af_ZA,Kane,"345 Pamela Ports
Christinaport, AK 12499",90588,NAM,Mary,1975-06-10,ann33@yahoo.com,VISA 13 digit,2025-05-22,503874281374,igarza@howard.biz,2022-11-19,Mary,Kane
NAM_2,NAM_2_1,68,65-69,AGE14,M,M,68,2,NAM,2B,af_ZA,Bell,"42352 Christopher Run
South Joseph, AR 69073",46617,NAM,Dustin,1953-10-01,karasandoval@gmail.com,Discover,2026-10-03,3548059116002600,sanfordleslie@fox.com,2023-07-21,Dustin,Bell
NAM_2,NAM_2_2,36,35-39,AGE8,M,M,68,2,NAM,2B,af_ZA,Bell,"42352 Christopher Run
South Joseph, AR 69073",46617,NAM,Clarence,1985-06-10,angela34@yahoo.com,JCB 15 digit,2023-12-25,3534758971290863,latoyawagner@ray-brown.com,2023-02-28,Clarence,Bell
NAM_3,NAM_3_1,30,30-34,AGE7,M,M,30,3,NAM,3AB,af_ZA,Rocca,"669 Herman Forge
Stuartmouth, TX 32709",50818,NAM,Matthew,1991-02-05,lovetimothy@hotmail.com,Diners Club / Carte Blanche,2022-07-21,3571603272722798,lbrooks@horn-johnson.com,2022-06-13,Matthew,Rocca
NAM_3,NAM_3_2,78,75-79,AGE16,F,M,30,3,NAM,3AB,af_ZA,Rocca,"669 Herman Forge
Stuartmouth, TX 32709",50818,NAM,Kathryn,1943-12-30,terriavila@gmail.com,Maestro,2024-11-24,4432251148896096264,laura13@cummings-wade.com,2022-01-13,Kathryn,Rocca
NAM_3,NAM_3_3,53,50-54,AGE11,F,M,30,3,NAM,3AB,af_ZA,Rocca,"669 Herman Forge
Stuartmouth, TX 32709",50818,NAM,Janice,1968-01-25,moorecraig@hotmail.com,VISA 16 digit,2023-06-16,4047925255913654,youngaaron@jackson.com,2026-09-14,Janice,Rocca
NAM_4,NAM_4_1,76,75-79,AGE16,M,M,76,1,NAM,1B,af_ZA,Kubičko,"07049 Miller Road Suite 069
North Judith, WV 03869",46066,NAM,Aaron,1945-03-30,sthompson@hotmail.com,VISA 16 digit,2023-02-07,5354356147976598,sandra34@parker.info,2024-08-10,Aaron,Kubicko
NAM_5,NAM_5_1,41,40-44,AGE9,M,M,41,3,NAM,2A,af_ZA,Garcia,"9987 Silva Locks
West Mark, HI 51406",38245,NAM,Robert,1980-11-18,ohughes@yahoo.com,Maestro,2026-10-28,4089014517980,lrussell@gardner-hughes.com,2026-02-20,Robert,Garcia
NAM_5,NAM_5_2,6,5-9,AGE2,M,M,41,3,NAM,2A,af_ZA,Garcia,"9987 Silva Locks
West Mark, HI 51406",38245,NAM,Joseph,2015-05-22,-,-,-,-,-,2024-07-13,Joseph,Garcia
NAM_5,NAM_5_3,12,10-14,AGE3,M,M,41,3,NAM,2A,af_ZA,Garcia,"9987 Silva Locks
West Mark, HI 51406",38245,NAM,Douglas,2009-08-04,paullee@hotmail.com,-,-,-,-,2024-10-21,Douglas,Garcia
NLD_0,NLD_0_1,30,30-34,AGE7,M,M,30,3,NLD,1A,nl_NL,de Grote,"Izelaan 302
1292IQ
Drogteropslagen",8530 ZA,NLD,Guus,1991-08-16,milan70@gmail.com,VISA 16 digit,2023-03-10,30420843641980,jaytins@bosman.com,2024-10-24,Guus,de Grote
NLD_0,NLD_0_2,4,0-4,AGE1,F,M,30,3,NLD,1A,nl_NL,de Grote,"Izelaan 302
1292IQ
Drogteropslagen",8530 ZA,NLD,Isis,2017-07-31,-,-,-,-,-,2025-12-16,Isis,de Grote
NLD_0,NLD_0_3,2,0-4,AGE1,M,M,30,3,NLD,1A,nl_NL,de Grote,"Izelaan 302
1292IQ
Drogteropslagen",8530 ZA,NLD,Luc,2019-11-04,-,-,-,-,-,2024-08-07,Luc,de Grote
ROU_0,ROU_0_1,54,50-54,AGE11,M,M,54,4,ROU,1A,ro_RO,Popescu,"Strada Letiția Tabacu Nr. 940 Bl. 30  Sc. 41 Ap. 482
Campina, 416174",378593,ROU,Leordean,1967-01-10,eftimiestancu@zzup.ro,VISA 19 digit,2024-01-14,4530116313060548,nistoraurora@barbu.ro,2025-11-11,Leordean,Popescu
ROU_0,ROU_0_2,20,20-24,AGE5,F,M,54,4,ROU,1A,ro_RO,Popescu,"Strada Letiția Tabacu Nr. 940 Bl. 30  Sc. 41 Ap. 482
Campina, 416174",378593,ROU,Norica,2001-05-16,eusebiuardelean@kappa.ro,JCB 16 digit,2024-05-07,6011638520325243,-,2026-08-20,Norica,Popescu
ROU_0,ROU_0_3,24,20-24,AGE5,M,M,54,4,ROU,1A,ro_RO,Popescu,"Strada Letiția Tabacu Nr. 940 Bl. 30  Sc. 41 Ap. 482
Campina, 416174",378593,ROU,Laurian,1997-11-01,aaneidragos@zzup.ro,Maestro,2023-09-27,30484169289238,marcunistor@eftimie.ro,2022-05-09,Laurian,Popescu
ROU_0,ROU_0_4,22,20-24,AGE5,F,M,54,4,ROU,1A,ro_RO,Popescu,"Strada Letiția Tabacu Nr. 940 Bl. 30  Sc. 41 Ap. 482
Campina, 416174",378593,ROU,Zaraza,1999-07-21,popbogdan@kappa.ro,American Express,2025-01-05,4736199531713199,tomalucia@diaconescu.ro,2026-03-21,Zaraza,Popescu
RUS_0,RUS_0_1,78,75-79,AGE16,M,M,78,4,RUS,3AB,ru_RU,Беляков,"клх Белорецк, бул. Урожайный, д. 844 к. 99, 770783",034637,RUS,Радислав,1943-12-02,aksenovvasili@rambler.ru,Maestro,2022-05-11,5706008896913166,pimen1984@ao.biz,2024-04-15,Radislav,Beliakov
RUS_0,RUS_0_2,47,45-49,AGE10,F,M,78,4,RUS,3AB,ru_RU,Беляков,"клх Белорецк, бул. Урожайный, д. 844 к. 99, 770783",034637,RUS,Регина,1974-10-11,jmuhina@yandex.ru,Visa,2022-10-06,4763106766385722,harlampi_2005@kopilov.info,2023-06-09,Regina,Beliakov
RUS_0,RUS_0_3,49,45-49,AGE10,F,M,78,4,RUS,3AB,ru_RU,Беляков,"клх Белорецк, бул. Урожайный, д. 844 к. 99, 770783",034637,RUS,Иванна,1972-03-13,fade_27@hotmail.com,Mastercard,2026-07-03,4116902173171307,evpraksija2013@ooo.org,2026-05-21,Ivanna,Beliakov
RUS_0,RUS_0_4,46,45-49,AGE10,F,M,78,4,RUS,3AB,ru_RU,Беляков,"клх Белорецк, бул. Урожайный, д. 844 к. 99, 770783",034637,RUS,Мария,1975-10-25,silinazhanna@rambler.ru,Mastercard,2023-11-03,4767119623359844,oksana_55@oao.edu,2025-03-01,Mariia,Beliakov
SLE_0,SLE_0_1,60,60-64,AGE13,M,M,60,2,SLE,2B,af_ZA,Smith,"28636 Burton Park
Wendymouth, CT 94875",05484,SLE,Christopher,1961-05-29,courtneybarrera@gmail.com,JCB 16 digit,2023-03-24,675993594927,zacharymaddox@kline.biz,2024-05-29,Christopher,Smith
SLE_0,SLE_0_2,20,20-24,AGE5,M,M,60,2,SLE,2B,af_ZA,Smith,"28636 Burton Park
Wendymouth, CT 94875",05484,SLE,William,2001-04-23,brian53@yahoo.com,-,-,-,-,2022-11-01,William,Smith
SLE_1,SLE_1_1,66,65-69,AGE14,M,M,66,2,SLE,3AB,af_ZA,Campbell,"USNS Martin
FPO AP 88711",93628,SLE,Terrance,1955-03-20,tamaramonroe@gmail.com,Maestro,2022-12-06,4602849403710803,jonpatel@cannon.com,2022-06-27,Terrance,Campbell
SLE_1,SLE_1_2,75,75-79,AGE16,F,M,66,2,SLE,3AB,af_ZA,Campbell,"USNS Martin
FPO AP 88711",93628,SLE,Natasha,1946-09-29,sandraedwards@gmail.com,Maestro,2024-10-15,30389521718685,martinezsusan@campbell.com,2025-04-22,Natasha,Campbell
SLE_2,SLE_2_1,44,40-44,AGE9,M,M,44,3,SLE,3AB,af_ZA,Miranda,"981 Warren Spring Apt. 150
South Robertfurt, NJ 83736",74278,SLE,William,1977-01-11,melinda60@hotmail.com,VISA 13 digit,2025-06-19,30066475251471,kristin68@strickland-stark.biz,2022-06-12,William,Miranda
SLE_2,SLE_2_2,46,45-49,AGE10,F,M,44,3,SLE,3AB,af_ZA,Miranda,"981 Warren Spring Apt. 150
South Robertfurt, NJ 83736",74278,SLE,Anita,1975-07-24,tara80@yahoo.com,VISA 16 digit,2023-07-18,2253025027408332,ashley43@galloway.com,2024-01-24,Anita,Miranda
SLE_2,SLE_2_3,56,55-59,AGE12,F,M,44,3,SLE,3AB,af_ZA,Miranda,"981 Warren Spring Apt. 150
South Robertfurt, NJ 83736",74278,SLE,Monica,1965-12-21,lisa90@yahoo.com,JCB 16 digit,2022-01-02,180034697435858,mgordon@davis.com,2024-05-27,Monica,Miranda
SLE_3,SLE_3_1,71,70-74,AGE15,F,F,71,1,SLE,1B,af_ZA,Moran,"07385 Brandi Summit
Brownfort, NM 37745",35876,SLE,Pamela,1950-11-07,operez@hotmail.com,VISA 16 digit,2024-02-24,4209499098099166,taylorkevin@paul.org,2022-08-09,Pamela,Moran
SLE_4,SLE_4_1,46,45-49,AGE10,M,M,46,2,SLE,3AB,af_ZA,Ponce,"736 Jimenez Oval
Hermanview, MP 91022",87739,SLE,Curtis,1975-03-03,chandlerian@gmail.com,Maestro,2022-04-11,5450386231273308,theresa40@briggs.com,2025-07-19,Curtis,Ponce
SLE_4,SLE_4_2,65,65-69,AGE14,F,M,46,2,SLE,3AB,af_ZA,Ponce,"736 Jimenez Oval
Hermanview, MP 91022",87739,SLE,Lauren,1956-02-20,alexis68@hotmail.com,JCB 16 digit,2025-05-04,4345351875585211,leecarla@reese.com,2024-05-29,Lauren,Ponce
SLE_5,SLE_5_1,64,60-64,AGE13,M,M,64,2,SLE,3AB,af_ZA,Jones,"88064 Sarah Manors
Karenmouth, IA 28752",48298,SLE,Timothy,1957-08-31,karen21@hotmail.com,JCB 16 digit,2023-11-16,3583607964190061,marc47@lee.net,2023-05-19,Timothy,Jones
SLE_5,SLE_5_2,79,75-79,AGE16,F,M,64,2,SLE,3AB,af_ZA,Jones,"88064 Sarah Manors
Karenmouth, IA 28752",48298,SLE,Jacqueline,1942-06-18,anthony56@gmail.com,Diners Club / Carte Blanche,2024-10-16,4290151954248060,marquezroger@coleman-brown.com,2024-05-24,Jacqueline,Jones
SVN_0,SVN_0_1,25,25-29,AGE6,M,M,25,4,SVN,2A,sl_SI,Perko,"Mlinska pot 1c
1058 Rogaška Slatina",4547,SVN,Janez,1996-08-02,kumerjadranka@gmail.com,JCB 15 digit,2022-08-14,180069050637666,simonmrak@amalija.com,2026-04-13,Janez,Perko
SVN_0,SVN_0_2,1,0-4,AGE1,M,M,25,4,SVN,2A,sl_SI,Perko,"Mlinska pot 1c
1058 Rogaška Slatina",4547,SVN,Tomaž,2020-10-21,-,-,-,-,-,2022-04-14,Tomaz,Perko
SVN_0,SVN_0_3,0,0-4,AGE1,F,M,25,4,SVN,2A,sl_SI,Perko,"Mlinska pot 1c
1058 Rogaška Slatina",4547,SVN,Klavdija,2021-09-02,-,-,-,-,-,2026-10-17,Klavdija,Perko
SVN_0,SVN_0_4,0,0-4,AGE1,F,M,25,4,SVN,2A,sl_SI,Perko,"Mlinska pot 1c
1058 Rogaška Slatina",4547,SVN,Ljudmila,2021-04-20,-,-,-,-,-,2022-02-17,Ljudmila,Perko
TZA_0,TZA_0_1,70,70-74,AGE15,M,M,70,2,TZA,2B,af_ZA,Cannon,"3984 Jamie Mews Apt. 672
Stacyburgh, AL 67452",08004,TZA,Keith,1951-12-19,darius68@hotmail.com,Mastercard,2023-11-14,4929401350494782238,vwilson@benjamin.com,2026-05-26,Keith,Cannon
TZA_0,TZA_0_2,36,35-39,AGE8,M,M,70,2,TZA,2B,af_ZA,Cannon,"3984 Jamie Mews Apt. 672
Stacyburgh, AL 67452",08004,TZA,David,1985-06-18,byrdgregory@hotmail.com,Maestro,2024-01-31,4571441183526048506,victoria97@hays.com,2026-08-22,David,Cannon
TZA_1,TZA_1_1,57,55-59,AGE12,M,M,57,2,TZA,2B,af_ZA,Barron,"127 Hamilton Via
North Laurahaven, MO 09849",93009,TZA,Vincent,1964-07-25,tracy94@hotmail.com,VISA 13 digit,2023-12-08,4440385785865465608,william06@hamilton.org,2023-07-28,Vincent,Barron
TZA_1,TZA_1_2,23,20-24,AGE5,M,M,57,2,TZA,2B,af_ZA,Barron,"127 Hamilton Via
North Laurahaven, MO 09849",93009,TZA,James,1998-09-04,hollybanks@hotmail.com,Discover,2025-02-15,4088933906786008,shess@jones.net,2026-01-16,James,Barron
TZA_2,TZA_2_1,25,25-29,AGE6,M,M,25,4,TZA,2A,af_ZA,Phillips,"9890 Johnson Vista
Kyleport, MN 88423",09619,TZA,Caleb,1996-01-20,parkersamantha@gmail.com,VISA 13 digit,2022-09-03,4931374153156422,flopez@bowman.com,2022-07-17,Caleb,Phillips
TZA_2,TZA_2_2,0,0-4,AGE1,M,M,25,4,TZA,2A,af_ZA,Phillips,"9890 Johnson Vista
Kyleport, MN 88423",09619,TZA,Richard,2021-02-01,-,-,-,-,-,2025-09-06,Richard,Phillips
TZA_2,TZA_2_3,0,0-4,AGE1,M,M,25,4,TZA,2A,af_ZA,Phillips,"9890 Johnson Vista
Kyleport, MN 88423",09619,TZA,Robert,2021-02-06,-,-,-,-,-,2025-02-15,Robert,Phillips
TZA_2,TZA_2_4,0,0-4,AGE1,F,M,25,4,TZA,2A,af_ZA,Phillips,"9890 Johnson Vista
Kyleport, MN 88423",09619,TZA,Michaela,2021-06-27,-,-,-,-,-,2023-08-01,Michaela,Phillips
TZA_3,TZA_3_1,32,30-34,AGE7,M,M,32,1,TZA,1B,af_ZA,Williams,"USNV Valencia
FPO AP 57646",06406,TZA,Sergio,1989-12-02,mmckenzie@gmail.com,Discover,2023-11-16,630454632542,hchambers@garza-harrison.com,2025-10-01,Sergio,Williams
TZA_4,TZA_4_1,49,45-49,AGE10,M,M,49,4,TZA,3AB,af_ZA,Craig,"791 Summers Mountain Apt. 319
Port Heather, DE 48812",43736,TZA,Christopher,1972-05-12,cbernard@yahoo.com,VISA 16 digit,2024-03-29,6011763898601973,carrilloharold@holland-pope.com,2025-01-24,Christopher,Craig
TZA_4,TZA_4_2,48,45-49,AGE10,F,M,49,4,TZA,3AB,af_ZA,Craig,"791 Summers Mountain Apt. 319
Port Heather, DE 48812",43736,TZA,Vickie,1973-05-05,anna82@gmail.com,American Express,2025-09-28,180075786664338,robertshields@stanton.com,2022-02-20,Vickie,Craig
TZA_4,TZA_4_3,51,50-54,AGE11,F,M,49,4,TZA,3AB,af_ZA,Craig,"791 Summers Mountain Apt. 319
Port Heather, DE 48812",43736,TZA,Tara,1970-08-05,hornmegan@hotmail.com,VISA 16 digit,2025-07-10,213118915300159,dwoods@smith.com,2026-12-03,Tara,Craig
TZA_4,TZA_4_4,34,30-34,AGE7,F,M,49,4,TZA,3AB,af_ZA,Craig,"791 Summers Mountain Apt. 319
Port Heather, DE 48812",43736,TZA,Leslie,1987-06-19,isaacabbott@hotmail.com,JCB 16 digit,2024-10-22,3562001028039362,jamesmiller@nelson.net,2024-04-19,Leslie,Craig
TZA_5,TZA_5_1,44,40-44,AGE9,M,M,44,1,TZA,1B,af_ZA,Nichols,"793 Young Flats
Port Dawnland, HI 18905",48416,TZA,Joseph,1977-05-13,william27@yahoo.com,VISA 16 digit,2026-04-03,6011227963323541,brichardson@green.com,2026-03-15,Joseph,Nichols
UKR_0,UKR_0_1,56,55-59,AGE12,M,M,56,1,UKR,1B,uk_UA,Ткач,"узвіз Житомирська, буд. 363, Кам'янське, 55772",29633,UKR,Георгій,1965-09-12,chekaliukmykhailyna@gmail.com,Visa,2026-11-14,5331474271716942,gtsisyk@bazavluchenko.укр,2026-01-27,Georgii,Tkach
